time,latitude,longitude,depth,mag,magType,nst,gap,dmin,rms,net,id,updated,place,type,horizontalError,depthError,magError,magNst,status,locationSource,magSource
1970-12-30T13:04:49.430Z,35.7603333,-117.5776667,5.32,4.28,ml,14,141,,0.37,ci,ci3323412,2016-01-29T01:34:22.790Z,"16km W of Searles Valley, CA",earthquake,1.18,0.87,0.208,11,reviewed,ci,ci
1970-12-30T08:11:11.000Z,1.433,99.069,88.4,5.6,mw,,,,,iscgem,iscgem789656,2020-07-09T23:53:08.947Z,"northern Sumatra, Indonesia",earthquake,,,,,automatic,iscgem,iscgem
1970-12-29T08:01:59.000Z,-3.974,-81.02,35,5.9,mw,,,,,iscgem,iscgem789621,2020-07-09T23:52:57.889Z,"near the coast of northern Peru",earthquake,,,,,automatic,iscgem,iscgem
1970-12-29T02:26:08.000Z,-10.436,161.395,30,6.7,mw,,,,,iscgem,iscgem789614,2020-07-09T23:52:27.385Z,"Solomon Islands",earthquake,,,,,automatic,iscgem,iscgem
1970-12-28T20:03:26.000Z,-5.242,153.52,55,6.6,mw,,,,,iscgem,iscgem789605,2015-05-13T18:53:04.000Z,"New Ireland region, Papua New Guinea",earthquake,,,,,automatic,iscgem,iscgem
1970-12-25T12:53:36.000Z,-0.394,-19.24,15,5.9,mw,,,,,iscgem,iscgem789478,2015-05-13T18:53:04.000Z,"central Mid-Atlantic Ridge",earthquake,,,,,automatic,iscgem,iscgem
1970-12-24T08:00:36.000Z,15.92,-93.625,101.6,5.9,mw,,,,,iscgemsup,iscgemsup789448,2020-07-10T13:40:17.072Z,"Chiapas, Mexico",earthquake,,,,,automatic,iscgem,iscgem
1970-12-24T01:49:56.000Z,-9.203,116.46,70.5,5.6,mw,,,,,iscgem,iscgem789432,2020-07-09T23:52:17.017Z,"Lombok region, Indonesia",earthquake,,,,,automatic,iscgem,iscgem
1970-12-23T11:42:46.000Z,12.43,143.027,30,5.8,mw,,,,,iscgem,iscgem789419,2015-05-13T18:53:04.000Z,"Guam region",earthquake,,,,,automatic,iscgem,iscgem
1970-12-21T14:40:44.000Z,-9.098,116.393,75.3,5.9,mw,,,,,iscgemsup,iscgemsup789364,2020-07-10T13:40:06.381Z,"Lombok region, Indonesia",earthquake,,,,,automatic,iscgem,iscgem
1970-12-19T10:38:07.000Z,-1.542,99.885,42.3,6.2,mw,,,,,iscgem,iscgem789314,2020-07-09T23:52:05.861Z,"Kepulauan Mentawai region, Indonesia",earthquake,,,,,automatic,iscgem,iscgem
1970-12-18T23:50:15.000Z,5.148,123.547,527.7,5.8,mw,,,,,iscgem,iscgem789300,2015-05-13T18:53:04.000Z,"Celebes Sea",earthquake,,,,,automatic,iscgem,iscgem
1970-12-18T15:30:00.720Z,37.1731667,-116.0988333,0.3,4.49,ml,13,258,1.708,0.69,ci,ci3323538,2016-01-29T01:19:28.010Z,"65km ENE of Beatty, NV",nuclear explosion,99,31.61,0.394,11,reviewed,ci,ci
1970-12-17T16:04:59.260Z,37.1428333,-116.034,0.01,5.19,ml,14,258,1.758,2.27,ci,ci3323536,2016-01-29T01:14:35.340Z,"69km ENE of Beatty, NV",nuclear explosion,99,31.61,0.314,11,reviewed,ci,ci
1970-12-17T08:42:22.000Z,-56.167,-27.564,110,6,mw,,,,,iscgemsup,iscgemsup789251,2015-07-13T17:02:24.000Z,"South Sandwich Islands region",earthquake,,,,,automatic,iscgem,iscgem
1970-12-16T16:00:00.490Z,37.1001667,-116.0078333,0.5,4.66,ml,13,256,1.778,0.61,ci,ci3323535,2016-01-29T01:24:44.890Z,"70km ENE of Beatty, NV",nuclear explosion,99,31.61,0.303,9,reviewed,ci,ci
1970-12-16T01:00:49.000Z,5.975,-77.501,20,5.7,mw,,,,,iscgem,iscgem789216,2020-07-09T23:51:53.606Z,"near the west coast of Colombia",earthquake,,,,,automatic,iscgem,iscgem
1970-12-15T15:24:38.000Z,-14.381,167.383,180,5.8,mw,,,,,iscgemsup,iscgemsup789208,2020-07-10T13:39:54.767Z,"Vanuatu",earthquake,,,,,automatic,iscgem,iscgem
1970-12-14T07:32:52.000Z,-1.436,-80.907,15,5.9,mw,,,,,iscgem,iscgem789175,2020-07-09T23:51:40.914Z,"near the coast of Ecuador",earthquake,,,,,automatic,iscgem,iscgem
1970-12-12T01:10:42.000Z,-20.812,-177.794,407.6,5.6,mw,,,,,iscgem,iscgem789091,2015-05-13T18:53:04.000Z,"Fiji region",earthquake,,,,,automatic,iscgem,iscgem
1970-12-11T10:24:37.000Z,-4.104,-80.797,38,5.7,mw,,,,,iscgem,iscgem789073,2020-07-09T23:51:28.685Z,"Peru-Ecuador border region",earthquake,,,,,automatic,iscgem,iscgem
1970-12-10T20:05:36.000Z,1.506,127.276,115,5.7,mw,,,,,iscgem,iscgem789056,2020-07-09T23:51:17.013Z,"Halmahera, Indonesia",earthquake,,,,,automatic,iscgem,iscgem
1970-12-10T11:37:43.000Z,-4.093,-80.987,35.8,5.6,mw,,,,,iscgem,iscgem789045,2020-07-09T23:51:04.847Z,"Peru-Ecuador border region",earthquake,,,,,automatic,iscgem,iscgem
1970-12-10T10:15:12.000Z,52.887,-169.57,80,5.7,mw,,,,,iscgem,iscgem789041,2019-05-20T23:33:34.427Z,"Fox Islands, Aleutian Islands, Alaska",earthquake,,,,,automatic,iscgem,iscgem
1970-12-10T04:34:41.000Z,-4.026,-80.542,25,7.2,mw,,,,,iscgem,iscgem789028,2020-07-07T22:20:04.151Z,"Peru-Ecuador border region",earthquake,,,,,automatic,iscgem,iscgem
1970-12-09T08:02:41.000Z,16.075,-99.531,10,5.7,mw,,,,,iscgem,iscgem789013,2015-05-13T18:53:04.000Z,"offshore Guerrero, Mexico",earthquake,,,,,automatic,iscgem,iscgem
1970-12-08T19:30:08.000Z,-30.838,-71.146,50.7,6.5,mw,,,,,iscgem,iscgem789000,2020-07-09T23:50:46.553Z,"Coquimbo, Chile",earthquake,,,,,automatic,iscgem,iscgem
1970-12-07T21:35:22.000Z,29.773,140.175,184.6,6.7,mw,,,,,iscgem,iscgem788974,2015-05-13T18:53:04.000Z,"Izu Islands, Japan region",earthquake,,,,,automatic,iscgem,iscgem
1970-12-06T20:20:52.000Z,41.787,143.742,40,6.5,mw,,,,,iscgem,iscgem788955,2020-07-09T23:50:30.020Z,"Hokkaido, Japan region",earthquake,,,,,automatic,iscgem,iscgem
1970-12-06T04:10:41.000Z,-6.267,130.077,140,5.6,mw,,,,,iscgem,iscgem788940,2015-05-13T18:53:04.000Z,"Banda Sea",earthquake,,,,,automatic,iscgem,iscgem
1970-12-05T22:30:22.000Z,-6.4,129.995,140,5.8,mw,,,,,iscgem,iscgem788926,2015-05-13T18:53:04.000Z,"Banda Sea",earthquake,,,,,automatic,iscgem,iscgem
1970-12-04T17:08:50.000Z,-23.222,-69.988,39.2,6.5,mw,,,,,iscgem,iscgem788901,2020-07-09T23:50:14.844Z,"Antofagasta, Chile",earthquake,,,,,automatic,iscgem,iscgem
1970-12-03T07:02:48.000Z,-1.015,126.749,25,5.8,mw,,,,,iscgem,iscgem788860,2015-05-13T18:53:04.000Z,"Kepulauan Sula, Indonesia",earthquake,,,,,automatic,iscgem,iscgem
1970-12-03T04:59:53.000Z,7.323,-76.025,24.1,5.7,mw,,,,,iscgem,iscgem788858,2020-07-09T23:50:02.645Z,"northern Colombia",earthquake,,,,,automatic,iscgem,iscgem
1970-12-02T15:54:22.000Z,-11.154,163.377,30,7,mw,,,,,iscgem,iscgem788837,2015-05-13T18:53:04.000Z,"Solomon Islands",earthquake,,,,,automatic,iscgem,iscgem
1970-12-02T02:34:58.000Z,51.385,-175.389,30,5.7,mw,,,,,iscgem,iscgem788811,2019-05-20T23:31:26.806Z,"Andreanof Islands, Aleutian Islands, Alaska",earthquake,,,,,automatic,iscgem,iscgem
1970-12-01T22:01:55.000Z,-15.589,-172.933,30,5.6,mw,,,,,iscgem,iscgem788802,2015-05-13T18:53:04.000Z,"Samoa Islands region",earthquake,,,,,automatic,iscgem,iscgem
1970-12-01T21:09:37.000Z,51.289,-175.348,25,6,mw,,,,,iscgem,iscgem788799,2019-05-20T23:29:38.476Z,"Andreanof Islands, Aleutian Islands, Alaska",earthquake,,,,,automatic,iscgem,iscgem
1970-12-01T18:14:38.000Z,-10.974,163.362,10,6.2,mw,,,,,iscgem,iscgem788793,2015-05-13T18:53:04.000Z,"Solomon Islands",earthquake,,,,,automatic,iscgem,iscgem
1970-12-01T12:49:18.000Z,-5.905,152.619,20,5.6,mw,,,,,iscgem,iscgem788789,2015-05-13T18:53:04.000Z,"New Britain region, Papua New Guinea",earthquake,,,,,automatic,iscgem,iscgem
1970-11-29T06:01:19.000Z,-11.803,-13.97,20,6.4,mw,,,,,iscgem,iscgem790645,2015-05-13T18:53:04.000Z,"Ascension Island region",earthquake,,,,,automatic,iscgem,iscgem
1970-11-28T20:22:53.000Z,-4.164,142.904,125,6,mw,,,,,iscgem,iscgem790633,2020-07-09T23:57:05.607Z,"New Guinea, Papua New Guinea",earthquake,,,,,automatic,iscgem,iscgem
1970-11-28T14:45:34.000Z,-21.019,-69.86,45.2,6,mw,,,,,iscgemsup,iscgemsup790629,2020-07-10T13:40:29.518Z,"Tarapaca, Chile",earthquake,,,,,automatic,iscgem,iscgem
1970-11-28T11:08:45.000Z,-21.092,-69.797,44.9,5.9,mw,,,,,iscgem,iscgem790625,2020-07-09T23:56:54.290Z,"Tarapaca, Chile",earthquake,,,,,automatic,iscgem,iscgem
1970-11-28T07:40:11.800Z,35.1,-106.61,,4.5,mb,,,,,ushis,ushis3122,2020-04-16T21:05:33.927Z,"Albuquerque urban area, New Mexico",earthquake,,,,,reviewed,ushis,us
1970-11-28T00:56:06.000Z,-0.972,126.791,15,5.7,mw,,,,,iscgemsup,iscgemsup790607,2015-07-13T17:02:24.000Z,"Molucca Sea",earthquake,,,,,automatic,iscgem,iscgem
1970-11-27T09:39:24.000Z,24.336,122.426,55,5.7,mw,,,,,iscgem,iscgem790590,2015-05-13T18:53:04.000Z,"Taiwan region",earthquake,,,,,automatic,iscgem,iscgem
1970-11-26T03:11:41.000Z,43.489,-128.038,10,5.9,mw,,,,,iscgem,iscgem790550,2019-05-20T23:24:00.559Z,"off the coast of Oregon",earthquake,,,,,automatic,iscgem,iscgem
1970-11-25T18:57:46.000Z,-2.02,134.169,25,5.7,mw,,,,,iscgem,iscgem790538,2020-07-09T23:56:42.204Z,"near the north coast of Papua, Indonesia",earthquake,,,,,automatic,iscgem,iscgem
1970-11-24T05:06:41.000Z,47.328,152.556,125,5.6,mw,,,,,iscgem,iscgem790497,2015-05-13T18:53:04.000Z,"Kuril Islands",earthquake,,,,,automatic,iscgem,iscgem
1970-11-22T11:54:00.000Z,18.35,146.034,81.7,5.6,mw,,,,,iscgem,iscgem790458,2015-05-13T18:53:04.000Z,"Pagan region, Northern Mariana Islands",earthquake,,,,,automatic,iscgem,iscgem
1970-11-21T12:19:43.000Z,15.045,120.047,62.8,5.8,mw,,,,,iscgem,iscgem790430,2020-07-09T23:56:30.957Z,"Luzon, Philippines",earthquake,,,,,automatic,iscgem,iscgem
1970-11-21T02:51:07.000Z,2.199,128.322,125,5.6,mw,,,,,iscgem,iscgem790414,2020-07-09T23:56:19.099Z,"Halmahera, Indonesia",earthquake,,,,,automatic,iscgem,iscgem
1970-11-20T13:48:24.000Z,43.411,146.997,35,5.9,mw,,,,,iscgem,iscgem790397,2015-05-13T18:53:04.000Z,"Kuril Islands",earthquake,,,,,automatic,iscgem,iscgem
1970-11-20T13:46:53.000Z,28.15,142.61,25,5.6,mw,,,,,iscgem,iscgem790396,2015-05-13T18:53:04.000Z,"Bonin Islands, Japan region",earthquake,,,,,automatic,iscgem,iscgem
1970-11-18T20:10:57.000Z,-28.871,-112.701,10,6,mw,,,,,iscgem,iscgem790319,2015-05-13T18:53:04.000Z,"Easter Island region",earthquake,,,,,automatic,iscgem,iscgem
1970-11-18T16:43:15.000Z,-21.723,175.408,577.3,5.7,mw,,,,,iscgem,iscgem790316,2015-05-13T18:53:04.000Z,"south of the Fiji Islands",earthquake,,,,,automatic,iscgem,iscgem
1970-11-18T12:23:17.000Z,35.29,-35.796,15,5.9,mw,,,,,iscgem,iscgem790313,2015-05-13T18:53:04.000Z,"northern Mid-Atlantic Ridge",earthquake,,,,,automatic,iscgem,iscgem
1970-11-17T02:13:54.100Z,35.856,-89.947,14,4.01,mw,,,,,ushis,ushis3120,2018-06-04T20:43:45.000Z,"Arkansas",earthquake,,,,,reviewed,ushis,stt
1970-11-16T21:32:58.000Z,-1.019,126.814,15,5.6,mw,,,,,iscgem,iscgem790274,2015-05-13T18:53:04.000Z,"Kepulauan Sula, Indonesia",earthquake,,,,,automatic,iscgem,iscgem
1970-11-16T06:44:19.000Z,-6.08,148.591,50,5.8,mw,,,,,iscgem,iscgem790254,2020-07-09T23:56:03.354Z,"New Britain region, Papua New Guinea",earthquake,,,,,automatic,iscgem,iscgem
1970-11-14T07:58:21.000Z,22.78,121.349,29.5,6.2,mw,,,,,iscgem,iscgem790201,2020-07-09T23:55:45.343Z,"Taiwan region",earthquake,,,,,automatic,iscgem,iscgem
1970-11-14T04:51:37.000Z,12.708,143.227,80,5.8,mw,,,,,iscgem,iscgem790199,2015-05-13T18:53:04.000Z,"Guam region",earthquake,,,,,automatic,iscgem,iscgem
1970-11-13T14:16:23.000Z,12.081,123.863,13.5,6.5,mw,,,,,iscgem,iscgem790180,2020-07-09T23:55:11.820Z,"Masbate region, Philippines",earthquake,,,,,automatic,iscgem,iscgem
1970-11-13T05:46:14.070Z,20.105,-155.8215,13.258,4.32,ml,23,150,,0.08,hv,hv19703673,2020-03-31T16:29:05.320Z,"Hawaii region, Hawaii",earthquake,0.75,1.08,0.14,4,reviewed,hv,hv
1970-11-13T00:09:01.000Z,-22.126,-69.957,35.6,5.8,mw,,,,,iscgem,iscgem790149,2020-07-09T23:55:00.985Z,"Antofagasta, Chile",earthquake,,,,,automatic,iscgem,iscgem
1970-11-12T06:07:17.000Z,-5.135,145.077,15,6.3,mw,,,,,iscgem,iscgem790114,2020-07-09T23:54:40.342Z,"eastern New Guinea region, Papua New Guinea",earthquake,,,,,automatic,iscgem,iscgem
1970-11-10T13:47:33.000Z,-31.958,-178.149,25,5.6,mw,,,,,iscgem,iscgem790072,2015-05-13T18:53:04.000Z,"Kermadec Islands region",earthquake,,,,,automatic,iscgem,iscgem
1970-11-09T17:41:43.000Z,29.477,56.714,98.1,5.5,mw,,,,,iscgem,iscgem790042,2020-07-09T23:54:29.158Z,"southern Iran",earthquake,,,,,automatic,iscgem,iscgem
1970-11-08T22:35:48.000Z,-3.428,135.544,35,6.7,mw,,,,,iscgem,iscgem790008,2020-07-09T23:54:11.408Z,"Papua, Indonesia",earthquake,,,,,automatic,iscgem,iscgem
1970-11-08T14:58:58.000Z,9.066,126.421,40,6.1,mw,,,,,iscgem,iscgem789999,2020-07-09T23:53:59.871Z,"Mindanao, Philippines",earthquake,,,,,automatic,iscgem,iscgem
1970-11-07T23:18:23.000Z,18.477,120.837,32.5,5.6,mw,,,,,iscgem,iscgem789983,2020-07-09T23:53:47.649Z,"Luzon, Philippines",earthquake,,,,,automatic,iscgem,iscgem
1970-11-05T15:00:00.360Z,37.0295,-116.0118333,0.4,4.44,ml,16,253,,0.69,ci,ci3323628,2016-01-29T01:19:24.810Z,"67km ENE of Beatty, NV",nuclear explosion,99,31.61,0.263,11,reviewed,ci,ci
1970-11-05T13:11:51.000Z,6.813,-82.609,10,5.8,mw,,,,,iscgem,iscgem789908,2015-05-13T18:53:04.000Z,"south of Panama",earthquake,,,,,automatic,iscgem,iscgem
1970-11-03T15:12:12.000Z,18.333,120.792,32.5,5.6,mw,,,,,iscgem,iscgem789840,2020-07-09T23:53:36.164Z,"Luzon, Philippines",earthquake,,,,,automatic,iscgem,iscgem
1970-11-03T02:30:13.000Z,61.981,-151.024,76.5,5.7,mw,,,,,iscgem,iscgem789808,2020-07-09T23:53:19.903Z,"Southern Alaska",earthquake,,,,,automatic,iscgem,iscgem
1970-11-01T13:14:14.000Z,-59.661,-26.54,25,5.9,mw,,,,,iscgem,iscgem789734,2015-05-13T18:53:04.000Z,"South Sandwich Islands region",earthquake,,,,,automatic,iscgem,iscgem
1970-10-31T17:53:14.000Z,-4.999,145.396,60,6.9,mw,,,,,iscgem,iscgem791579,2020-08-14T03:50:36.823Z,"near the north coast of New Guinea, Papua New Guinea",earthquake,,,,,automatic,iscgem,iscgem
1970-10-29T17:47:31.080Z,19.53,-156.4283333,9.508,4.06,ml,21,257,,0.08,hv,hv19703585,2020-03-31T19:57:48.260Z,"Hawaii region, Hawaii",earthquake,2.94,4.57,0.17,4,reviewed,hv,hv
1970-10-29T02:23:23.000Z,-41.361,80.434,20,6,mw,,,,,iscgemsup,iscgemsup791511,2015-07-13T17:02:24.000Z,"Mid-Indian Ridge",earthquake,,,,,automatic,iscgem,iscgem
1970-10-26T20:53:32.000Z,79.744,2.675,15,5.7,mw,,,,,iscgem,iscgem791458,2015-05-13T18:53:04.000Z,"Greenland Sea",earthquake,,,,,automatic,iscgem,iscgem
1970-10-25T19:55:28.080Z,21.0795,-156.7811667,2.51,4.93,ml,18,195,,0.12,hv,hv19703519,2020-03-31T19:57:38.680Z,"Maui region, Hawaii",earthquake,3.28,2.09,0.28,4,reviewed,hv,hv
1970-10-25T18:32:53.700Z,19.3486667,-155.2285,30.991,4.21,ml,23,160,,0.09,hv,hv19703516,2020-03-31T19:57:38.040Z,"Hawaii region, Hawaii",earthquake,1.93,2.45,0.07,4,reviewed,hv,hv
1970-10-25T15:09:51.000Z,9.131,93.926,25.4,6.4,mw,,,,,iscgem,iscgem791408,2015-05-13T18:53:04.000Z,"Nicobar Islands, India region",earthquake,,,,,automatic,iscgem,iscgem
1970-10-25T12:00:35.000Z,-13.666,66.374,15,5.8,mw,,,,,iscgem,iscgem791406,2015-05-13T18:53:04.000Z,"Mid-Indian Ridge",earthquake,,,,,automatic,iscgem,iscgem
1970-10-24T22:32:08.640Z,47.3383333,-122.3851667,12.371,4.1,md,5,125,0.2348,0.08,uw,uw10837233,2016-07-24T23:41:47.730Z,"Seattle-Tacoma urban area, Washington",earthquake,0.583,2.65,0.05,1,reviewed,uw,uw
1970-10-23T11:01:27.000Z,-36.533,-97.292,10,5.7,mw,,,,,iscgem,iscgem791347,2015-05-13T18:53:04.000Z,"West Chile Rise",earthquake,,,,,automatic,iscgem,iscgem
1970-10-22T06:13:59.000Z,-36.36,-97.337,10,5.6,mw,,,,,iscgem,iscgem791328,2015-05-13T18:53:04.000Z,"West Chile Rise",earthquake,,,,,automatic,iscgem,iscgem
1970-10-21T08:14:13.000Z,74.697,8.694,15,5.6,mw,,,,,iscgem,iscgem791295,2015-05-13T18:53:04.000Z,"Greenland Sea",earthquake,,,,,automatic,iscgem,iscgem
1970-10-16T05:26:13.000Z,39.237,140.718,15,6.2,mw,,,,,iscgem,iscgem791152,2020-07-09T23:57:57.141Z,"eastern Honshu, Japan",earthquake,,,,,automatic,iscgem,iscgem
1970-10-14T21:14:01.000Z,43.489,147.11,35,6.1,mw,,,,,iscgem,iscgem791116,2020-07-09T23:57:44.859Z,"Kuril Islands",earthquake,,,,,automatic,iscgem,iscgem
1970-10-14T18:15:39.000Z,43.424,147.932,32.5,6.4,mw,,,,,iscgem,iscgem791107,2015-05-13T18:53:04.000Z,"Kuril Islands",earthquake,,,,,automatic,iscgem,iscgem
1970-10-14T16:00:34.000Z,43.276,148.115,32.3,5.7,mw,,,,,iscgem,iscgem791104,2015-05-13T18:53:04.000Z,"east of the Kuril Islands",earthquake,,,,,automatic,iscgem,iscgem
1970-10-14T14:30:00.350Z,37.0706667,-116.0051667,0.6,4.93,ml,14,255,1.78,0.59,ci,ci3323577,2016-01-29T01:14:30.430Z,"69km ENE of Beatty, NV",nuclear explosion,99,31.61,0.284,11,reviewed,ci,ci
1970-10-13T18:53:32.000Z,-4.2,143.091,135,5.8,mw,,,,,iscgem,iscgem791069,2020-07-09T23:57:32.314Z,"New Guinea, Papua New Guinea",earthquake,,,,,automatic,iscgem,iscgem
1970-10-13T15:04:56.280Z,37.3606667,-115.6661667,0.01,4.07,ml,12,267,,0.62,ci,ci3323573,2016-01-29T01:29:28.550Z,"44km W of Alamo, NV",nuclear explosion,10.93,31.61,0.1,9,reviewed,ci,ci
1970-10-11T05:38:07.000Z,-32.049,-177.898,25,6.2,mw,,,,,iscgem,iscgem791005,2015-05-13T18:53:04.000Z,"south of the Kermadec Islands",earthquake,,,,,automatic,iscgem,iscgem
1970-10-11T03:16:50.000Z,-32.003,-178.011,25,6.5,mw,,,,,iscgem,iscgem790994,2015-05-13T18:53:04.000Z,"south of the Kermadec Islands",earthquake,,,,,automatic,iscgem,iscgem
1970-10-10T21:59:43.000Z,-31.915,-177.896,25,6.3,mw,,,,,iscgem,iscgem790988,2015-05-13T18:53:04.000Z,"Kermadec Islands region",earthquake,,,,,automatic,iscgem,iscgem
1970-10-10T08:53:03.000Z,-3.457,86.146,15,6.3,mw,,,,,iscgem,iscgem790976,2015-05-13T18:53:04.000Z,"South Indian Ocean",earthquake,,,,,automatic,iscgem,iscgem
1970-10-08T23:36:13.000Z,43.758,147.511,30,5.9,mw,,,,,iscgem,iscgem790929,2015-05-13T18:53:04.000Z,"Kuril Islands",earthquake,,,,,automatic,iscgem,iscgem
1970-10-08T04:53:21.000Z,53.828,160.351,35.3,5.8,mw,,,,,iscgem,iscgem790906,2015-05-13T18:53:04.000Z,"near the east coast of the Kamchatka Peninsula, Russia",earthquake,,,,,automatic,iscgem,iscgem
1970-10-04T16:56:53.000Z,-6.809,130.481,80,5.8,mw,,,,,iscgem,iscgem790806,2015-05-13T18:53:04.000Z,"Banda Sea",earthquake,,,,,automatic,iscgem,iscgem
1970-10-02T09:40:17.000Z,-29.174,-176.753,25,5.6,mw,,,,,iscgem,iscgem790734,2015-05-13T18:53:04.000Z,"Kermadec Islands region",earthquake,,,,,automatic,iscgem,iscgem
1970-10-02T06:15:32.000Z,-6.821,155.007,35,6,mw,,,,,iscgem,iscgem790727,2020-07-09T23:57:21.208Z,"Bougainville region, Papua New Guinea",earthquake,,,,,automatic,iscgem,iscgem
1970-09-30T09:52:24.000Z,20.73,122.003,30,6,mw,,,,,iscgem,iscgem792436,2020-07-10T00:01:13.703Z,"Batan Islands region, Philippines",earthquake,,,,,automatic,iscgem,iscgem
1970-09-29T06:03:28.000Z,-13.509,166.602,60,6.3,mw,,,,,iscgem,iscgem792410,2015-05-13T18:53:04.000Z,"Vanuatu",earthquake,,,,,automatic,iscgem,iscgem
1970-09-28T17:22:13.000Z,53.251,158.82,120.1,5.6,mw,,,,,iscgem,iscgem792393,2020-07-10T00:00:59.143Z,"near the east coast of the Kamchatka Peninsula, Russia",earthquake,,,,,automatic,iscgem,iscgem
1970-09-28T07:01:06.000Z,-56.276,-27.421,101.1,5.7,mw,,,,,iscgem,iscgem792382,2015-05-13T18:53:04.000Z,"South Sandwich Islands region",earthquake,,,,,automatic,iscgem,iscgem
1970-09-27T03:38:39.000Z,6.375,-77.438,15,6.5,mw,,,,,iscgem,iscgem792345,2020-07-10T00:00:43.162Z,"near the west coast of Colombia",earthquake,,,,,automatic,iscgem,iscgem
1970-09-26T14:57:03.000Z,6.239,-77.476,15,5.8,mw,,,,,iscgem,iscgem792331,2020-07-10T00:00:28.863Z,"near the west coast of Colombia",earthquake,,,,,automatic,iscgem,iscgem
1970-09-26T12:02:33.000Z,6.214,-77.488,15,6.6,mw,,,,,iscgem,iscgem792329,2020-07-10T00:00:04.418Z,"near the west coast of Colombia",earthquake,,,,,automatic,iscgem,iscgem
1970-09-24T16:44:40.000Z,54.573,162.738,20,5.7,mw,,,,,iscgem,iscgem792289,2015-05-13T18:53:04.000Z,"near the east coast of the Kamchatka Peninsula, Russia",earthquake,,,,,automatic,iscgem,iscgem
1970-09-23T23:11:59.000Z,-6.525,154.697,35,6.1,mw,,,,,iscgem,iscgem792274,2020-07-09T23:59:51.465Z,"Bougainville region, Papua New Guinea",earthquake,,,,,automatic,iscgem,iscgem
1970-09-23T12:04:55.000Z,-6.45,154.61,35,6.4,mw,,,,,iscgem,iscgem792259,2020-07-09T23:59:34.801Z,"Bougainville region, Papua New Guinea",earthquake,,,,,automatic,iscgem,iscgem
1970-09-21T11:26:36.500Z,19.3306667,-155.1996667,9.851,4.46,ml,23,172,,0.09,hv,hv19703140,2020-03-31T19:58:26.240Z,"Hawaii region, Hawaii",earthquake,0.75,0.55,0.22,4,reviewed,hv,hv
1970-09-19T06:37:29.000Z,-33.516,-71.908,25,5.7,mw,,,,,iscgem,iscgem792158,2020-07-09T23:59:22.182Z,"offshore Valparaiso, Chile",earthquake,,,,,automatic,iscgem,iscgem
1970-09-16T01:49:21.000Z,13.124,144.537,45,6,mw,,,,,iscgem,iscgem792044,2015-05-13T18:53:04.000Z,"Guam region",earthquake,,,,,automatic,iscgem,iscgem
1970-09-15T10:55:18.000Z,8.821,127.256,20,5.8,mw,,,,,iscgem,iscgem792025,2015-05-13T18:53:04.000Z,"Philippine Islands region",earthquake,,,,,automatic,iscgem,iscgem
1970-09-14T15:36:50.000Z,-34.023,-72.294,20,5.7,mw,,,,,iscgem,iscgem792002,2020-07-09T23:59:08.906Z,"offshore Libertador O'Higgins, Chile",earthquake,,,,,automatic,iscgem,iscgem
1970-09-14T09:44:55.000Z,38.751,142.321,48.6,6.4,mw,,,,,iscgem,iscgem791993,2020-07-09T23:58:54.999Z,"near the east coast of Honshu, Japan",earthquake,,,,,automatic,iscgem,iscgem
1970-09-13T21:10:23.000Z,40.2,-125.1,33,5.4,mb,,,,,ushis,ushis3116,2018-06-04T20:43:45.000Z,"offshore Northern California",earthquake,,,,,reviewed,ushis,us
1970-09-13T04:47:48.830Z,34.2601667,-117.5383333,12.25,4.21,ml,13,106,,0.4,ci,ci3323910,2016-01-29T01:19:21.320Z,"4km W of Lytle Creek, CA",earthquake,1.42,2.74,0.329,11,reviewed,ci,ci
1970-09-12T14:30:53.000Z,34.2548333,-117.5343333,10.75,5.22,ml,17,106,,0.36,ci,ci3323898,2020-04-16T21:06:10.635Z,"3km W of Lytle Creek, CA",earthquake,0.84,1.75,0.143,6,reviewed,ci,ci
1970-09-12T14:10:11.230Z,34.2583333,-117.5011667,7.55,4.03,ml,13,102,,0.49,ci,ci3323896,2016-01-29T01:19:19.800Z,"0km WSW of Lytle Creek, CA",earthquake,1.17,2.48,0.171,10,reviewed,ci,ci
1970-09-11T01:04:13.000Z,-50.206,-114.136,10,5.9,mw,,,,,iscgem,iscgem791890,2015-05-13T18:53:04.000Z,"southern East Pacific Rise",earthquake,,,,,automatic,iscgem,iscgem
1970-09-05T07:52:30.000Z,52.224,151.521,580.6,6.5,mw,,,,,iscgem,iscgem791744,2015-05-13T18:53:04.000Z,"Sea of Okhotsk",earthquake,,,,,automatic,iscgem,iscgem
1970-09-03T09:32:22.000Z,-16.904,167.874,25,6.1,mw,,,,,iscgem,iscgem791667,2020-07-09T23:58:44.443Z,"Vanuatu",earthquake,,,,,automatic,iscgem,iscgem
1970-09-01T05:11:15.000Z,17.717,147.629,25,6.6,mw,,,,,iscgem,iscgem791596,2015-05-13T18:53:04.000Z,"Mariana Islands region",earthquake,,,,,automatic,iscgem,iscgem
1970-08-30T17:46:10.000Z,52.301,151.613,647.6,7.3,mw,,,,,iscgem,iscgem793336,2015-05-13T18:53:04.000Z,"Sea of Okhotsk",earthquake,,,,,automatic,iscgem,iscgem
1970-08-30T00:38:42.000Z,52.19,159.409,35,5.8,mw,,,,,iscgem,iscgem793314,2015-05-13T18:53:04.000Z,"off the east coast of the Kamchatka Peninsula, Russia",earthquake,,,,,automatic,iscgem,iscgem
1970-08-29T14:59:21.000Z,51.03,135.347,15,5.6,mw,,,,,iscgem,iscgem793304,2020-07-10T00:04:15.740Z,"Khabarovskiy Kray, Russia",earthquake,,,,,automatic,iscgem,iscgem
1970-08-28T10:06:05.000Z,-33.802,-179.615,55,5.9,mw,,,,,iscgem,iscgem793262,2015-05-13T18:53:04.000Z,"south of the Kermadec Islands",earthquake,,,,,automatic,iscgem,iscgem
1970-08-28T01:02:47.000Z,-4.668,153.137,60,6.5,mw,,,,,iscgem,iscgem793250,2020-07-10T00:04:01.393Z,"New Ireland region, Papua New Guinea",earthquake,,,,,automatic,iscgem,iscgem
1970-08-27T19:44:41.000Z,15.374,-95.758,15,5.9,mw,,,,,iscgem,iscgem793245,2015-05-13T18:53:04.000Z,"offshore Oaxaca, Mexico",earthquake,,,,,automatic,iscgem,iscgem
1970-08-27T16:22:24.000Z,-15.223,-173.298,10,6,mw,,,,,iscgem,iscgem793243,2015-05-13T18:53:04.000Z,"Tonga",earthquake,,,,,automatic,iscgem,iscgem
1970-08-26T15:11:55.000Z,18.051,120.486,45,5.9,mw,,,,,iscgem,iscgem793215,2020-07-10T00:03:49.670Z,"Luzon, Philippines",earthquake,,,,,automatic,iscgem,iscgem
1970-08-24T12:30:18.000Z,-56.343,-142.65,10,6.4,mw,,,,,iscgem,iscgem793157,2015-05-13T18:53:04.000Z,"Pacific-Antarctic Ridge",earthquake,,,,,automatic,iscgem,iscgem
1970-08-19T02:11:11.000Z,-10.526,161.549,35,5.8,mw,,,,,iscgem,iscgem792996,2020-07-10T00:03:39.045Z,"Solomon Islands",earthquake,,,,,automatic,iscgem,iscgem
1970-08-18T17:52:08.000Z,60.538,-145.537,25,6,mw,,,,,iscgem,iscgem792985,2020-07-10T00:03:24.165Z,"Southern Alaska",earthquake,,,,,automatic,iscgem,iscgem
1970-08-18T16:52:27.000Z,4.521,123.113,574.1,5.9,mw,,,,,iscgem,iscgem792982,2015-05-13T18:53:04.000Z,"Celebes Sea",earthquake,,,,,automatic,iscgem,iscgem
1970-08-16T17:41:53.850Z,19.4311667,-154.7793333,44.619,4.2,ml,22,290,,0.1,hv,hv19702918,2020-03-31T17:50:55.420Z,"Hawaii region, Hawaii",earthquake,1.67,2.09,0.05,2,reviewed,hv,hv
1970-08-14T03:39:34.000Z,64.98,-147.83,17,5,ms,,,,,ushis,ushis3113,2018-06-04T20:43:45.000Z,"Central Alaska",earthquake,,,,,reviewed,ushis,us
1970-08-13T04:22:37.000Z,-8.991,117.933,99.1,5.8,mw,,,,,iscgem,iscgem792844,2020-07-10T00:03:13.336Z,"Sumbawa region, Indonesia",earthquake,,,,,automatic,iscgem,iscgem
1970-08-12T10:24:28.000Z,12.022,-86.683,60,5.6,mw,,,,,iscgem,iscgem792813,2020-07-10T00:03:01.914Z,"Nicaragua",earthquake,,,,,automatic,iscgem,iscgem
1970-08-12T09:24:16.000Z,11.892,-86.63,60,6.5,mw,,,,,iscgem,iscgem792811,2020-07-10T00:02:44.946Z,"near the coast of Nicaragua",earthquake,,,,,automatic,iscgem,iscgem
1970-08-12T01:39:38.000Z,-13.871,166.721,45,6.5,mw,,,,,iscgem,iscgem792789,2020-07-10T00:02:29.571Z,"Vanuatu",earthquake,,,,,automatic,iscgem,iscgem
1970-08-12T00:40:45.000Z,-13.909,166.651,45,6,mw,,,,,iscgem,iscgem792786,2015-05-13T18:53:04.000Z,"Vanuatu",earthquake,,,,,automatic,iscgem,iscgem
1970-08-11T20:10:52.000Z,-60.571,-25.255,20,5.7,mw,,,,,iscgem,iscgem792780,2015-05-13T18:53:04.000Z,"South Sandwich Islands region",earthquake,,,,,automatic,iscgem,iscgem
1970-08-11T10:22:25.000Z,-14.057,166.657,45,6.9,mw,,,,,iscgem,iscgem792753,2020-07-10T00:02:02.523Z,"Vanuatu",earthquake,,,,,automatic,iscgem,iscgem
1970-08-11T03:48:52.000Z,-1.119,-13.887,13.2,6.3,mw,,,,,iscgem,iscgem792739,2015-05-13T18:53:04.000Z,"north of Ascension Island",earthquake,,,,,automatic,iscgem,iscgem
1970-08-10T15:15:22.000Z,-13.856,166.677,45,6.4,mw,,,,,iscgem,iscgem792729,2015-05-13T18:53:04.000Z,"Vanuatu",earthquake,,,,,automatic,iscgem,iscgem
1970-08-08T21:04:09.000Z,1.1,126.177,35,6,mw,,,,,iscgem,iscgem792675,2015-05-13T18:53:04.000Z,"Molucca Sea",earthquake,,,,,automatic,iscgem,iscgem
1970-08-07T07:51:13.000Z,-17.853,-178.109,556.4,6.1,mw,,,,,iscgem,iscgem792622,2015-05-13T18:53:04.000Z,"Fiji region",earthquake,,,,,automatic,iscgem,iscgem
1970-08-05T05:25:59.000Z,-9.241,-79.09,73.5,5.8,mw,,,,,iscgem,iscgem792564,2020-07-10T00:01:51.590Z,"off the coast of northern Peru",earthquake,,,,,automatic,iscgem,iscgem
1970-08-04T04:14:21.400Z,36.647,-122.185,8,4.5,mb,,,,,ushis,ushis3112,2018-06-04T20:43:45.000Z,"offshore Central California",earthquake,,,,,reviewed,ushis,us
1970-08-03T22:30:06.000Z,2.644,97.867,62.8,5.6,mw,,,,,iscgem,iscgem792530,2020-07-10T00:01:40.360Z,"northern Sumatra, Indonesia",earthquake,,,,,automatic,iscgem,iscgem
1970-08-03T07:01:11.000Z,-7.927,158.7,50,5.9,mw,,,,,iscgem,iscgem792521,2020-07-10T00:01:28.267Z,"Solomon Islands",earthquake,,,,,automatic,iscgem,iscgem
1970-08-03T00:33:52.000Z,-15.922,-173.823,90,5.7,mw,,,,,iscgem,iscgem792513,2015-05-13T18:53:04.000Z,"Tonga",earthquake,,,,,automatic,iscgem,iscgem
1970-07-31T17:08:05.000Z,-1.597,-72.532,644.8,8,mw,,,,,iscgem,iscgem794176,2020-08-25T22:25:04.650Z,"Colombia",earthquake,,,,,automatic,iscgem,iscgem
1970-07-30T04:58:44.000Z,14.248,51.995,15,6.6,mw,,,,,iscgem,iscgem794121,2015-05-13T18:53:04.000Z,"Gulf of Aden",earthquake,,,,,automatic,iscgem,iscgem
1970-07-30T00:52:21.000Z,37.733,55.885,15,6.7,mw,,,,,iscgem,iscgem794114,2020-07-10T00:07:36.031Z,"Turkmenistan-Iran border region",earthquake,,,,,automatic,iscgem,iscgem
1970-07-29T10:16:22.000Z,25.977,95.34,76.1,7,mw,,,,,iscgem,iscgem794100,2020-07-10T00:07:19.434Z,"Myanmar",earthquake,,,,,automatic,iscgem,iscgem
1970-07-29T05:50:58.000Z,39.802,77.679,14.7,6,mw,,,,,iscgem,iscgem794098,2020-07-10T00:06:59.757Z,"southern Xinjiang, China",earthquake,,,,,automatic,iscgem,iscgem
1970-07-27T12:31:21.000Z,-37.881,177.546,95,6.3,mw,,,,,iscgem,iscgem794062,2020-07-10T00:06:44.575Z,"off the east coast of the North Island of New Zealand",earthquake,,,,,automatic,iscgem,iscgem
1970-07-26T07:10:39.000Z,32.158,131.873,45,6.2,mw,,,,,iscgem,iscgem794034,2020-07-10T00:06:32.231Z,"Kyushu, Japan",earthquake,,,,,automatic,iscgem,iscgem
1970-07-25T22:41:14.000Z,32.053,131.782,45,7,mw,,,,,iscgem,iscgem794013,2020-07-10T00:06:10.339Z,"Kyushu, Japan",earthquake,,,,,automatic,iscgem,iscgem
1970-07-23T15:45:14.000Z,-15.834,-173.514,80,5.6,mw,,,,,iscgem,iscgem793965,2015-05-13T18:53:04.000Z,"Tonga",earthquake,,,,,automatic,iscgem,iscgem
1970-07-23T12:59:47.580Z,32.0118333,-115.9436667,6,4.35,ml,6,277,0.9078,0.53,ci,ci3324058,2016-01-29T01:29:21.110Z,"66km ENE of Ensenada, B.C., MX",earthquake,6.14,31.61,0.043,6,reviewed,ci,ci
1970-07-19T09:22:44.000Z,-4.056,152.156,20,6.2,mw,,,,,iscgem,iscgem793870,2020-07-10T00:05:50.968Z,"New Britain region, Papua New Guinea",earthquake,,,,,automatic,iscgem,iscgem
1970-07-18T01:48:39.000Z,51.329,-178.508,35,6.1,mw,,,,,iscgem,iscgem793841,2019-05-20T22:59:17.730Z,"Andreanof Islands, Aleutian Islands, Alaska",earthquake,,,,,automatic,iscgem,iscgem
1970-07-17T20:04:49.000Z,-22.137,-174.647,35,6.3,mw,,,,,iscgem,iscgem793837,2015-05-13T18:53:04.000Z,"Tonga region",earthquake,,,,,automatic,iscgem,iscgem
1970-07-16T21:17:45.000Z,-19.006,-173.459,20,6.1,mw,,,,,iscgem,iscgem793800,2015-05-13T18:53:04.000Z,"Tonga",earthquake,,,,,automatic,iscgem,iscgem
1970-07-12T09:18:05.000Z,10.769,125.387,78.2,5.8,mw,,,,,iscgem,iscgem793704,2020-07-10T00:05:37.685Z,"Leyte, Philippines",earthquake,,,,,automatic,iscgem,iscgem
1970-07-10T21:06:40.000Z,13.938,120.357,84.8,5.8,mw,,,,,iscgem,iscgem793665,2020-07-10T00:05:25.719Z,"Mindoro, Philippines",earthquake,,,,,automatic,iscgem,iscgem
1970-07-09T12:11:57.000Z,43.721,148.421,25.1,6.1,mw,,,,,iscgem,iscgem793612,2015-05-13T18:53:04.000Z,"east of the Kuril Islands",earthquake,,,,,automatic,iscgem,iscgem
1970-07-09T11:24:38.000Z,43.81,148.399,25.5,5.7,mw,,,,,iscgem,iscgem793610,2015-05-13T18:53:04.000Z,"east of the Kuril Islands",earthquake,,,,,automatic,iscgem,iscgem
1970-07-08T09:25:30.410Z,35.4191667,-117.7913333,6,4.07,ml,16,76,,0.3,ci,ci3323937,2016-01-29T01:34:07.330Z,"15km WNW of Johannesburg, CA",earthquake,0.69,31.61,0.141,12,reviewed,ci,ci
1970-07-08T04:49:11.000Z,17.901,-64.638,143,6.1,mw,,,,,iscgem,iscgem793579,2020-07-10T00:05:08.848Z,"Virgin Islands region",earthquake,,,,,automatic,iscgem,iscgem
1970-07-05T14:12:17.000Z,7.382,126.84,45,5.8,mw,,,,,iscgem,iscgem793517,2020-07-10T00:04:57.435Z,"Mindanao, Philippines",earthquake,,,,,automatic,iscgem,iscgem
1970-07-02T00:56:14.000Z,-51.015,139.266,10,6.1,mw,,,,,iscgem,iscgem793407,2015-05-13T18:53:04.000Z,"western Indian-Antarctic Ridge",earthquake,,,,,automatic,iscgem,iscgem
1970-07-02T00:45:02.000Z,-10.125,-78.543,52,6,mw,,,,,iscgem,iscgem793406,2020-07-10T00:04:46.372Z,"near the coast of central Peru",earthquake,,,,,automatic,iscgem,iscgem
1970-07-01T06:27:13.000Z,2.067,126.439,35,5.6,mw,,,,,iscgem,iscgem793379,2015-05-13T18:53:04.000Z,"Molucca Sea",earthquake,,,,,automatic,iscgem,iscgem
1970-06-30T06:21:05.000Z,-9.197,-79.148,55,5.6,mw,,,,,iscgem,iscgem794967,2020-07-10T00:12:08.220Z,"off the coast of northern Peru",earthquake,,,,,automatic,iscgem,iscgem
1970-06-28T11:09:53.000Z,-21.678,-179.392,605.1,6.4,mw,,,,,iscgem,iscgem794924,2015-05-13T18:53:04.000Z,"Fiji region",earthquake,,,,,automatic,iscgem,iscgem
1970-06-28T11:01:57.000Z,53.466,160.309,45,5.5,mw,,,,,iscgem,iscgem794923,2015-05-13T18:53:04.000Z,"near the east coast of the Kamchatka Peninsula, Russia",earthquake,,,,,automatic,iscgem,iscgem
1970-06-28T01:30:18.000Z,-8.683,124,85.8,6.6,mw,,,,,iscgem,iscgem794912,2020-07-10T00:11:50.707Z,"Timor region, Indonesia",earthquake,,,,,automatic,iscgem,iscgem
1970-06-27T13:13:02.000Z,4.131,126.215,98.4,5.6,mw,,,,,iscgem,iscgem794899,2015-05-13T18:53:04.000Z,"Kepulauan Talaud, Indonesia",earthquake,,,,,automatic,iscgem,iscgem
1970-06-27T09:45:29.000Z,-9.987,-78.634,64.5,5.7,mw,,,,,iscgem,iscgem794897,2020-07-10T00:11:38.113Z,"near the coast of northern Peru",earthquake,,,,,automatic,iscgem,iscgem
1970-06-26T13:00:00.490Z,37.1138333,-116.0861667,0.3,4.19,ml,11,256,1.715,0.41,ci,ci3324152,2016-01-29T01:34:05.770Z,"64km ENE of Beatty, NV",nuclear explosion,99,31.61,0.111,11,reviewed,ci,ci
1970-06-25T05:24:53.320Z,30.4931667,-116.5546667,6,4.16,ml,13,297,2.183,0.88,ci,ci3324140,2016-01-29T01:24:22.090Z,"136km S of Maneadero, B.C., MX",earthquake,10.35,31.61,0.056,7,reviewed,ci,ci
1970-06-25T05:13:57.000Z,-7.833,158.804,45,6.2,mw,,,,,iscgem,iscgem794847,2020-07-10T00:11:20.834Z,"Solomon Islands",earthquake,,,,,automatic,iscgem,iscgem
1970-06-24T13:09:13.000Z,51.692,-131.055,18.3,7.4,mw,,,,,iscgem,iscgem794827,2015-05-13T18:53:04.000Z,"Haida Gwaii Region, Canada",earthquake,,,,,automatic,iscgem,iscgem
1970-06-24T07:30:29.000Z,51.591,-131.325,15,5.8,mw,,,,,iscgem,iscgem794822,2015-05-13T18:53:04.000Z,"Haida Gwaii Region, Canada",earthquake,,,,,automatic,iscgem,iscgem
1970-06-22T22:38:42.360Z,19.3913333,-155.4561667,9.484,4.13,ml,19,133,,0.07,hv,hv19702571,2020-03-31T16:28:22.070Z,"Hawaii region, Hawaii",earthquake,0.47,0.53,0.05,2,reviewed,hv,hv
1970-06-22T21:33:33.000Z,43.343,147.551,30.3,6,mw,,,,,iscgem,iscgem794790,2015-05-13T18:53:04.000Z,"Kuril Islands",earthquake,,,,,automatic,iscgem,iscgem
1970-06-22T14:39:30.000Z,55.031,-156.639,25,5.6,mw,,,,,iscgem,iscgem794784,2018-06-04T20:43:45.000Z,"south of Alaska",earthquake,,,,,automatic,iscgem,iscgem
1970-06-19T14:25:18.000Z,15.428,-45.907,10,6.2,mw,,,,,iscgem,iscgem794709,2015-05-13T18:53:04.000Z,"northern Mid-Atlantic Ridge",earthquake,,,,,automatic,iscgem,iscgem
1970-06-19T10:56:16.000Z,-22.261,-70.276,60,6.5,mw,,,,,iscgem,iscgem794705,2020-07-10T00:11:05.310Z,"near the coast of Antofagasta, Chile",earthquake,,,,,automatic,iscgem,iscgem
1970-06-18T06:39:01.000Z,-61.376,160.668,10,5.8,mw,,,,,iscgem,iscgem794684,2015-05-13T18:53:04.000Z,"Balleny Islands region",earthquake,,,,,automatic,iscgem,iscgem
1970-06-17T04:44:23.000Z,-16.015,-71.724,108.6,6,mw,,,,,iscgemsup,iscgemsup794653,2020-07-10T13:41:15.206Z,"southern Peru",earthquake,,,,,automatic,iscgem,iscgem
1970-06-16T05:10:35.000Z,5.193,-82.682,25,5.8,mw,,,,,iscgem,iscgem794621,2015-05-13T18:53:04.000Z,"south of Panama",earthquake,,,,,automatic,iscgem,iscgem
1970-06-15T11:14:51.000Z,-54.476,-64.499,10,7.2,mw,,,,,iscgem,iscgem794605,2020-07-10T00:10:34.731Z,"Tierra del Fuego, Argentina region",earthquake,,,,,automatic,iscgem,iscgem
1970-06-14T00:00:11.000Z,-52.028,-74.07,15,7,mw,,,,,iscgem,iscgem794565,2020-07-10T00:10:01.735Z,"near the coast of Magallanes, Chile",earthquake,,,,,automatic,iscgem,iscgem
1970-06-13T05:27:55.600Z,51.37,-178.311,40,5.5,mb,,,,,ushis,ushis3109,2018-06-04T20:43:45.000Z,"Andreanof Islands, Aleutian Islands, Alaska",earthquake,,,,,reviewed,ushis,us
1970-06-12T08:06:20.000Z,-2.927,139.129,45,5.9,mw,,,,,iscgem,iscgem794533,2020-07-10T00:09:50.437Z,"near the north coast of Papua, Indonesia",earthquake,,,,,automatic,iscgem,iscgem
1970-06-12T04:54:32.000Z,56.624,-152.225,20,5.6,mw,,,,,iscgem,iscgem794528,2015-05-13T18:53:04.000Z,"Kodiak Island region, Alaska",earthquake,,,,,automatic,iscgem,iscgem
1970-06-12T03:30:04.000Z,37.802,-121.933,9,4.6,mb,,,,,ushis,ushis3107,2018-06-04T20:43:45.000Z,"San Francisco Bay area, California",earthquake,,,,,reviewed,ushis,us
1970-06-11T16:46:34.000Z,-59.232,158.902,15,7.3,mw,,,,,iscgem,iscgem794513,2015-05-13T18:53:04.000Z,"Macquarie Island region",earthquake,,,,,automatic,iscgem,iscgem
1970-06-11T06:02:56.000Z,-24.418,-68.413,110.6,6.6,mw,,,,,iscgemsup,iscgemsup794500,2020-07-10T13:40:55.112Z,"Antofagasta, Chile",earthquake,,,,,automatic,iscgem,iscgem
1970-06-10T16:17:49.000Z,44.859,149.53,45,6,mw,,,,,iscgem,iscgem794484,2015-05-13T18:53:04.000Z,"Kuril Islands",earthquake,,,,,automatic,iscgem,iscgem
1970-06-09T10:55:01.000Z,-15.764,-172.872,25,5.9,mw,,,,,iscgem,iscgem794434,2015-05-13T18:53:04.000Z,"Samoa Islands region",earthquake,,,,,automatic,iscgem,iscgem
1970-06-07T04:12:10.300Z,40.3,-125.9,33,5,mb,,,,,ushis,ushis3106,2018-06-04T20:43:45.000Z,"off the coast of Northern California",earthquake,,,,,reviewed,ushis,us
1970-06-05T22:40:25.000Z,52.161,159.499,41.1,5.6,mw,,,,,iscgem,iscgem794329,2015-05-13T18:53:04.000Z,"off the east coast of the Kamchatka Peninsula, Russia",earthquake,,,,,automatic,iscgem,iscgem
1970-06-05T10:31:52.000Z,63.322,146.147,10,5.7,mw,,,,,iscgem,iscgem794319,2015-05-13T18:53:04.000Z,"Magadanskaya Oblast', Russia",earthquake,,,,,automatic,iscgem,iscgem
1970-06-05T04:53:08.000Z,42.51,78.691,15,6.3,mw,,,,,iscgem,iscgem794309,2020-07-10T00:09:22.702Z,"Kyrgyzstan",earthquake,,,,,automatic,iscgem,iscgem
1970-06-04T04:09:27.000Z,-9.956,-78.536,54.9,6.4,mw,,,,,iscgem,iscgem794284,2020-07-10T00:09:06.276Z,"near the coast of northern Peru",earthquake,,,,,automatic,iscgem,iscgem
1970-06-02T02:59:29.500Z,61.54,-151.79,80,5.5,mb,,,,,ushis,ushis3105,2018-06-04T20:43:45.000Z,"Southern Alaska",earthquake,,,,,reviewed,ushis,us
1970-06-02T01:37:24.000Z,-9.777,-78.772,56.7,5.7,mw,,,,,iscgem,iscgem794224,2020-07-10T00:08:55.698Z,"near the coast of northern Peru",earthquake,,,,,automatic,iscgem,iscgem
1970-06-01T17:44:17.000Z,5.83,-82.627,10,5.8,mw,,,,,iscgem,iscgem794213,2015-05-13T18:53:04.000Z,"south of Panama",earthquake,,,,,automatic,iscgem,iscgem
1970-06-01T04:44:48.000Z,-10.206,-78.748,48,5.7,mw,,,,,iscgem,iscgem794197,2020-07-10T00:08:44.939Z,"near the coast of central Peru",earthquake,,,,,automatic,iscgem,iscgem
1970-06-01T02:45:21.000Z,-10.169,-78.616,49.4,5.8,mw,,,,,iscgem,iscgem794194,2020-07-10T00:08:32.049Z,"near the coast of central Peru",earthquake,,,,,automatic,iscgem,iscgem
1970-06-01T01:36:11.000Z,-9.302,-79.092,45.4,6.2,mw,,,,,iscgemsup,iscgemsup794187,2020-07-10T13:40:42.940Z,"off the coast of northern Peru",earthquake,,,,,automatic,iscgem,iscgem
1970-05-31T21:48:05.000Z,-10.258,-78.614,50.3,5.6,mw,,,,,iscgem,iscgem796169,2020-07-10T00:14:28.500Z,"near the coast of central Peru",earthquake,,,,,automatic,iscgem,iscgem
1970-05-31T20:45:52.000Z,-9.975,-78.352,50.6,6.1,mw,,,,,iscgem,iscgem796165,2020-07-10T00:14:17.000Z,"near the coast of northern Peru",earthquake,,,,,automatic,iscgem,iscgem
1970-05-31T20:23:29.000Z,-9.183,-78.737,45,7.9,mw,,,,,iscgem,iscgem796163,2020-08-14T03:45:00.246Z,"near the coast of northern Peru",earthquake,,,,,automatic,iscgem,iscgem
1970-05-30T13:16:29.000Z,12.233,124.592,106.5,5.8,mw,,,,,iscgem,iscgem796137,2020-07-10T00:14:02.796Z,"Samar, Philippines",earthquake,,,,,automatic,iscgem,iscgem
1970-05-29T19:02:21.000Z,-11.591,166.411,55,6.3,mw,,,,,iscgem,iscgem796108,2015-05-13T18:53:04.000Z,"Santa Cruz Islands",earthquake,,,,,automatic,iscgem,iscgem
1970-05-29T05:14:36.000Z,-14.978,-173.427,10,6,mw,,,,,iscgem,iscgem796097,2015-05-13T18:53:04.000Z,"Samoa Islands region",earthquake,,,,,automatic,iscgem,iscgem
1970-05-29T04:31:03.000Z,43.873,147.061,70,5.6,mw,,,,,iscgem,iscgem796096,2015-05-13T18:53:04.000Z,"Kuril Islands",earthquake,,,,,automatic,iscgem,iscgem
1970-05-27T23:56:40.000Z,40.267,143.095,30,6,mw,,,,,iscgem,iscgem796061,2015-05-13T18:53:04.000Z,"off the east coast of Honshu, Japan",earthquake,,,,,automatic,iscgem,iscgem
1970-05-27T22:35:47.000Z,40.139,143.117,15,6.2,mw,,,,,iscgem,iscgem796059,2015-05-13T18:53:04.000Z,"off the east coast of Honshu, Japan",earthquake,,,,,automatic,iscgem,iscgem
1970-05-27T19:05:37.000Z,40.256,143.043,10,5.9,mw,,,,,iscgem,iscgem796053,2015-05-13T18:53:04.000Z,"off the east coast of Honshu, Japan",earthquake,,,,,automatic,iscgem,iscgem
1970-05-27T12:05:07.000Z,27.236,140.23,390,7.1,mw,,,,,iscgem,iscgem796043,2015-05-13T18:53:04.000Z,"Bonin Islands, Japan region",earthquake,,,,,automatic,iscgem,iscgem
1970-05-26T15:00:00.600Z,37.1133333,-116.0623333,0.5,4.98,ml,16,276,1.735,1.79,ci,ci3324214,2016-01-29T01:09:01.230Z,"66km ENE of Beatty, NV",nuclear explosion,99,31.61,0.262,11,reviewed,ci,ci
1970-05-26T14:16:00.750Z,37.1826667,-116.2133333,0.4,4.22,ml,15,265,1.617,0.68,ci,ci3324213,2016-01-29T01:29:14.150Z,"57km ENE of Beatty, NV",nuclear explosion,99,31.61,0.238,11,reviewed,ci,ci
1970-05-25T22:45:34.000Z,-57.45,-26.041,40,5.8,mw,,,,,iscgemsup,iscgemsup795998,2015-07-13T17:02:24.000Z,"South Sandwich Islands region",earthquake,,,,,automatic,iscgem,iscgem
1970-05-21T14:15:00.100Z,37.0708333,-116.013,0.5,4.45,ml,13,276,1.776,0.43,ci,ci3324198,2016-01-29T01:34:01.670Z,"68km ENE of Beatty, NV",nuclear explosion,99,31.61,0.263,9,reviewed,ci,ci
1970-05-20T20:30:53.000Z,51.421,-178.606,30,5.8,mw,,,,,iscgemsup,iscgemsup795833,2019-05-20T22:56:13.183Z,"Andreanof Islands, Aleutian Islands, Alaska",earthquake,,,,,automatic,iscgem,iscgem
1970-05-20T20:03:41.000Z,-55.801,-28.148,55,6.1,mw,,,,,iscgem,iscgem795832,2015-05-13T18:53:04.000Z,"South Sandwich Islands region",earthquake,,,,,automatic,iscgem,iscgem
1970-05-19T14:48:36.000Z,-5.116,152.296,60,5.7,mw,,,,,iscgem,iscgem795799,2020-07-10T00:13:51.953Z,"New Britain region, Papua New Guinea",earthquake,,,,,automatic,iscgem,iscgem
1970-05-15T17:13:13.000Z,50.224,91.118,7,6.3,mw,,,,,iscgem,iscgem795644,2020-07-10T00:13:28.679Z,"Russia-Mongolia border region",earthquake,,,,,automatic,iscgem,iscgem
1970-05-15T13:30:00.380Z,37.1618333,-116.0388333,0.4,4.73,ml,17,258,1.755,0.57,ci,ci3324181,2016-01-29T01:14:08.690Z,"70km ENE of Beatty, NV",nuclear explosion,99,31.61,0.351,12,reviewed,ci,ci
1970-05-15T09:44:45.000Z,14.228,-92.83,35,5.8,mw,,,,,iscgem,iscgem795625,2015-05-13T18:53:04.000Z,"offshore Chiapas, Mexico",earthquake,,,,,automatic,iscgem,iscgem
1970-05-14T18:12:26.000Z,43.191,47.14,15,6.7,mw,,,,,iscgem,iscgem795586,2020-07-10T00:13:07.414Z,"Caucasus region, Russia",earthquake,,,,,automatic,iscgem,iscgem
1970-05-14T09:20:22.000Z,43.078,47.131,12.5,6.1,mw,,,,,iscgem,iscgem795568,2020-07-10T00:12:46.420Z,"Caucasus region, Russia",earthquake,,,,,automatic,iscgem,iscgem
1970-05-14T08:32:42.000Z,-3.53,145.239,15,5.6,mw,,,,,iscgem,iscgem795567,2015-05-13T18:53:04.000Z,"near the north coast of New Guinea, Papua New Guinea",earthquake,,,,,automatic,iscgem,iscgem
1970-05-10T20:05:17.000Z,18.586,145.303,605,6.1,mw,,,,,iscgem,iscgem795461,2015-05-13T18:53:04.000Z,"Pagan region, Northern Mariana Islands",earthquake,,,,,automatic,iscgem,iscgem
1970-05-10T15:30:53.670Z,19.3341667,-155.0351667,7.421,4.15,ml,23,198,,0.09,hv,hv19701476,2020-03-31T16:12:12.650Z,"Hawaii region, Hawaii",earthquake,0.81,0.64,0.02,2,reviewed,hv,hv
1970-05-09T18:00:48.000Z,-4.317,151.837,180,6.2,mw,,,,,iscgem,iscgem795428,2020-07-10T00:12:31.157Z,"New Britain region, Papua New Guinea",earthquake,,,,,automatic,iscgem,iscgem
1970-05-05T15:30:00.470Z,37.2165,-116.184,0.4,4.5,ml,14,259,1.643,0.67,ci,ci3324165,2016-01-29T01:24:16.430Z,"61km NE of Beatty, NV",nuclear explosion,99,31.61,0.364,8,reviewed,ci,ci
1970-05-04T18:53:20.000Z,-41.767,79.876,20,6.1,mw,,,,,iscgem,iscgem795204,2015-05-13T18:53:04.000Z,"Mid-Indian Ridge",earthquake,,,,,automatic,iscgem,iscgem
1970-05-03T05:14:38.000Z,-6.816,125.34,545,5.6,mw,,,,,iscgemsup,iscgemsup795134,2015-07-13T17:02:24.000Z,"Banda Sea",earthquake,,,,,automatic,iscgem,iscgem
1970-05-02T02:06:57.000Z,14.499,-93.689,35,5.9,mw,,,,,iscgem,iscgem795079,2015-05-13T18:53:04.000Z,"off the coast of Chiapas, Mexico",earthquake,,,,,automatic,iscgem,iscgem
1970-05-01T14:39:58.800Z,37.2163333,-115.8775,0.01,4,ml,13,270,1.887,0.4,ci,ci3324308,2016-01-29T01:29:11.570Z,"65km WSW of Alamo, NV",nuclear explosion,9.18,31.61,0.264,12,reviewed,ci,ci
1970-05-01T08:35:24.000Z,14.466,-93.312,35,5.8,mw,,,,,iscgem,iscgem795028,2015-05-13T18:53:04.000Z,"offshore Chiapas, Mexico",earthquake,,,,,automatic,iscgem,iscgem
1970-05-01T03:22:15.000Z,15.716,121.695,32.4,5.9,mw,,,,,iscgem,iscgem795006,2020-07-10T00:12:19.100Z,"Luzon, Philippines",earthquake,,,,,automatic,iscgem,iscgem
1970-04-30T13:21:07.000Z,14.635,-93.393,35,5.8,mw,,,,,iscgem,iscgem797384,2015-05-13T18:53:04.000Z,"offshore Chiapas, Mexico",earthquake,,,,,automatic,iscgem,iscgem
1970-04-30T12:51:39.000Z,14.326,-93.373,35,6,mw,,,,,iscgem,iscgem797382,2015-05-13T18:53:04.000Z,"off the coast of Chiapas, Mexico",earthquake,,,,,automatic,iscgem,iscgem
1970-04-30T08:33:02.000Z,14.545,-93.254,35,6.6,mw,,,,,iscgem,iscgem797367,2020-07-10T00:19:38.749Z,"offshore Chiapas, Mexico",earthquake,,,,,automatic,iscgem,iscgem
1970-04-29T21:20:27.000Z,14.76,-93.413,35,5.8,mw,,,,,iscgem,iscgem797337,2015-05-13T18:53:04.000Z,"offshore Chiapas, Mexico",earthquake,,,,,automatic,iscgem,iscgem
1970-04-29T18:01:28.000Z,-55.288,-124.27,20,5.9,mw,,,,,iscgem,iscgem797324,2015-05-13T18:53:04.000Z,"southern East Pacific Rise",earthquake,,,,,automatic,iscgem,iscgem
1970-04-29T14:01:35.000Z,14.52,-92.653,35,7.3,mw,,,,,iscgem,iscgem797311,2020-07-10T00:19:08.511Z,"offshore Chiapas, Mexico",earthquake,,,,,automatic,iscgem,iscgem
1970-04-29T11:22:37.000Z,14.425,-92.847,35,6.6,mw,,,,,iscgem,iscgem797298,2020-07-10T00:18:52.030Z,"offshore Chiapas, Mexico",earthquake,,,,,automatic,iscgem,iscgem
1970-04-29T05:55:02.000Z,43.217,146.616,45.2,5.6,mw,,,,,iscgem,iscgem797293,2015-05-13T18:53:04.000Z,"Kuril Islands",earthquake,,,,,automatic,iscgem,iscgem
1970-04-28T01:12:17.000Z,-8.025,156.511,15,5.7,mw,,,,,iscgem,iscgem797255,2020-07-10T00:18:41.121Z,"Solomon Islands",earthquake,,,,,automatic,iscgem,iscgem
1970-04-28T00:29:24.000Z,-8.044,156.373,15,5.8,mw,,,,,iscgem,iscgem797254,2020-07-10T00:18:30.707Z,"Solomon Islands",earthquake,,,,,automatic,iscgem,iscgem
1970-04-26T14:20:31.000Z,52.967,171.366,33.1,6,mw,,,,,iscgem,iscgem797199,2015-05-13T18:53:04.000Z,"Near Islands, Aleutian Islands, Alaska",earthquake,,,,,automatic,iscgem,iscgem
1970-04-23T09:01:27.000Z,39.071,28.808,20,5.7,mw,,,,,iscgem,iscgem797068,2020-07-10T00:18:19.248Z,"western Turkey",earthquake,,,,,automatic,iscgem,iscgem
1970-04-22T11:38:02.000Z,-11.437,119.922,15,5.6,mw,,,,,iscgem,iscgem797043,2015-05-13T18:53:04.000Z,"south of Sumba, Indonesia",earthquake,,,,,automatic,iscgem,iscgem
1970-04-21T15:00:00.320Z,37.1156667,-116.0801667,0.4,4.08,ml,14,256,1.72,0.55,ci,ci3324286,2016-01-29T01:38:33.250Z,"64km ENE of Beatty, NV",nuclear explosion,99,31.61,0.212,9,reviewed,ci,ci
1970-04-21T14:30:00.240Z,37.0548333,-115.9881667,0.3,4.05,ml,14,255,1.789,0.54,ci,ci3324281,2016-01-29T01:29:09.520Z,"70km ENE of Beatty, NV",nuclear explosion,99,31.61,0.231,9,reviewed,ci,ci
1970-04-20T21:43:00.000Z,-9.971,119.065,25,5.8,mw,,,,,iscgem,iscgem796971,2020-07-10T00:18:08.486Z,"Sumba region, Indonesia",earthquake,,,,,automatic,iscgem,iscgem
1970-04-20T10:39:13.000Z,-18.715,169.318,238.7,6.6,mw,,,,,iscgem,iscgem796948,2015-05-13T18:53:04.000Z,"Vanuatu",earthquake,,,,,automatic,iscgem,iscgem
1970-04-19T13:47:35.000Z,38.944,29.747,17.5,6,mw,,,,,iscgem,iscgem796918,2020-07-10T00:17:57.163Z,"western Turkey",earthquake,,,,,automatic,iscgem,iscgem
1970-04-19T13:29:38.000Z,38.972,29.753,18.4,6.1,mw,,,,,iscgem,iscgem796915,2020-07-10T00:17:44.867Z,"western Turkey",earthquake,,,,,automatic,iscgem,iscgem
1970-04-19T01:15:48.000Z,59.571,-142.807,15,5.9,mw,,,,,iscgem,iscgem796899,2019-05-20T22:53:56.999Z,"Gulf of Alaska",earthquake,,,,,automatic,iscgem,iscgem
1970-04-18T23:25:35.000Z,42.928,147.232,28.3,6.1,mw,,,,,iscgem,iscgem796897,2015-05-13T18:53:04.000Z,"off the coast of Hokkaido, Japan",earthquake,,,,,automatic,iscgem,iscgem
1970-04-18T08:50:41.000Z,59.804,-152.78,97.9,5.6,mw,,,,,iscgem,iscgem796868,2020-07-10T00:17:28.252Z,"Southern Alaska",earthquake,,,,,automatic,iscgem,iscgem
1970-04-16T05:33:21.000Z,59.702,-142.683,15,6.7,mw,,,,,iscgem,iscgem796787,2019-05-20T22:49:51.457Z,"Gulf of Alaska",earthquake,,,,,automatic,iscgem,iscgem
1970-04-16T01:55:57.000Z,34.579,141.629,25,6,mw,,,,,iscgem,iscgem796780,2015-05-13T18:53:04.000Z,"off the east coast of Honshu, Japan",earthquake,,,,,automatic,iscgem,iscgem
1970-04-15T13:14:25.000Z,15.219,122.624,25,6.2,mw,,,,,iscgem,iscgem796759,2020-07-10T00:17:10.112Z,"Philippine Islands region",earthquake,,,,,automatic,iscgem,iscgem
1970-04-14T19:08:19.000Z,-33.308,19.486,10,5.7,mw,,,,,iscgem,iscgem796738,2020-07-10T00:16:55.430Z,"South Africa",earthquake,,,,,automatic,iscgem,iscgem
1970-04-14T13:46:30.000Z,-21.08,-174.311,25,5.8,mw,,,,,iscgemsup,iscgemsup796734,2015-07-13T17:02:24.000Z,"Tonga",earthquake,,,,,automatic,iscgem,iscgem
1970-04-12T19:13:44.150Z,19.394,-155.4336667,8.523,4.26,ml,21,64,,0.12,hv,hv19701261,2020-03-31T16:32:22.430Z,"Hawaii region, Hawaii",earthquake,0.5,0.79,0.12,2,reviewed,hv,hv
1970-04-12T05:18:09.000Z,15.164,122.443,22.5,5.6,mw,,,,,iscgem,iscgem796640,2015-05-13T18:53:04.000Z,"Philippine Islands region",earthquake,,,,,automatic,iscgem,iscgem
1970-04-12T04:16:57.000Z,15.263,122.063,19.1,5.7,mw,,,,,iscgem,iscgem796632,2020-07-10T00:16:43.225Z,"Philippine Islands region",earthquake,,,,,automatic,iscgem,iscgem
1970-04-12T04:01:46.000Z,15.136,122.064,22.5,6.9,mw,,,,,iscgem,iscgem796629,2020-07-10T00:16:16.361Z,"Philippine Islands region",earthquake,,,,,automatic,iscgem,iscgem
1970-04-11T06:21:18.000Z,-18.966,-173.545,25,5.8,mw,,,,,iscgem,iscgem796595,2015-05-13T18:53:04.000Z,"Tonga",earthquake,,,,,automatic,iscgem,iscgem
1970-04-11T04:05:45.000Z,59.61,-142.594,15,6.1,mw,,,,,iscgem,iscgem796590,2019-05-20T22:47:44.646Z,"Gulf of Alaska",earthquake,,,,,automatic,iscgem,iscgem
1970-04-10T14:09:17.000Z,-27.595,-177.911,163,5.7,mw,,,,,iscgem,iscgem796571,2015-05-13T18:53:04.000Z,"Kermadec Islands region",earthquake,,,,,automatic,iscgem,iscgem
1970-04-09T16:24:28.000Z,13.067,-92.371,10,5.8,mw,,,,,iscgem,iscgem796529,2015-05-13T18:53:04.000Z,"near the coast of Guatemala",earthquake,,,,,automatic,iscgem,iscgem
1970-04-09T00:00:17.000Z,45.106,149.24,110,5.7,mw,,,,,iscgem,iscgem796489,2015-05-13T18:53:04.000Z,"Kuril Islands",earthquake,,,,,automatic,iscgem,iscgem
1970-04-08T21:23:58.000Z,15.457,121.723,25,6.5,mw,,,,,iscgem,iscgem796476,2020-07-10T00:15:57.971Z,"Luzon, Philippines",earthquake,,,,,automatic,iscgem,iscgem
1970-04-08T14:41:07.000Z,-13.863,166.821,45,5.9,mw,,,,,iscgem,iscgem796457,2015-05-13T18:53:04.000Z,"Vanuatu",earthquake,,,,,automatic,iscgem,iscgem
1970-04-08T13:50:29.000Z,38.304,22.682,20,6.3,mw,,,,,iscgem,iscgem796453,2020-07-10T00:15:37.392Z,"Greece",earthquake,,,,,automatic,iscgem,iscgem
1970-04-07T06:34:19.000Z,15.527,121.811,25,5.8,mw,,,,,iscgem,iscgem796382,2020-07-10T00:15:22.294Z,"Luzon, Philippines",earthquake,,,,,automatic,iscgem,iscgem
1970-04-07T06:11:54.000Z,15.662,121.852,25,5.6,mw,,,,,iscgem,iscgem796381,2020-07-10T00:15:09.935Z,"Luzon, Philippines",earthquake,,,,,automatic,iscgem,iscgem
1970-04-07T05:34:06.000Z,15.791,121.63,25,7.4,mw,,,,,iscgem,iscgem796378,2020-07-10T00:14:52.248Z,"Luzon, Philippines",earthquake,,,,,automatic,iscgem,iscgem
1970-04-03T06:52:33.000Z,-20.666,-173.859,25,6,mw,,,,,iscgem,iscgem796237,2015-05-13T18:53:04.000Z,"Tonga",earthquake,,,,,automatic,iscgem,iscgem
1970-04-02T11:11:41.000Z,-20.277,-173.861,15,5.9,mw,,,,,iscgem,iscgem796214,2015-05-13T18:53:04.000Z,"Tonga",earthquake,,,,,automatic,iscgem,iscgem
1970-04-01T14:23:24.000Z,39.817,141.944,65,5.7,mw,,,,,iscgem,iscgem796196,2020-07-10T00:14:39.719Z,"eastern Honshu, Japan",earthquake,,,,,automatic,iscgem,iscgem
1970-03-31T18:18:26.000Z,-3.629,69.61,20,5.9,mw,,,,,iscgem,iscgem798689,2015-05-13T18:53:04.000Z,"Chagos Archipelago region",earthquake,,,,,automatic,iscgem,iscgem
1970-03-31T08:50:14.000Z,-5.632,-80.2,73.1,5.7,mw,,,,,iscgem,iscgem798680,2020-07-10T00:22:41.595Z,"near the coast of northern Peru",earthquake,,,,,automatic,iscgem,iscgem
1970-03-31T07:02:28.600Z,36.868,-121.418,8,4.51,mw,,,,,ushis,ushis3099,2018-06-04T20:43:45.000Z,"Central California",earthquake,,,,,reviewed,ushis,jm
1970-03-30T16:46:44.000Z,6.754,126.451,50,6.8,mw,,,,,iscgem,iscgem798643,2020-07-10T00:22:08.071Z,"Mindanao, Philippines",earthquake,,,,,automatic,iscgem,iscgem
1970-03-30T12:35:27.130Z,19.5346667,-155.2645,24.983,4.35,ml,25,133,,0.1,hv,hv19700928,2020-03-31T19:48:34.310Z,"Hawaii region, Hawaii",earthquake,0.76,1.43,0.3,2,reviewed,hv,hv
1970-03-29T12:40:40.300Z,41.66,-113.84,7,4.6,mb,,,,,ushis,ushis3098,2018-06-04T20:43:45.000Z,"Utah",earthquake,,,,,reviewed,ushis,us
1970-03-29T10:08:21.000Z,-17.07,168.634,237.2,6.6,mw,,,,,iscgem,iscgem798577,2020-07-10T00:21:46.353Z,"Vanuatu",earthquake,,,,,automatic,iscgem,iscgem
1970-03-28T21:02:26.000Z,39.098,29.57,25,6.9,mw,,,,,iscgem,iscgem798506,2020-09-01T19:17:21.355Z,"western Turkey",earthquake,,,,,automatic,iscgem,iscgem
1970-03-28T09:38:44.000Z,38.95,-116.4,,4.5,mb,,,,,ushis,ushis3097,2018-06-04T20:43:45.000Z,"Nevada",earthquake,,,,,reviewed,ushis,us
1970-03-28T07:46:00.000Z,-6.253,154.667,60,6,mw,,,,,iscgem,iscgem798488,2020-07-10T00:21:33.878Z,"Bougainville region, Papua New Guinea",earthquake,,,,,automatic,iscgem,iscgem
1970-03-27T18:36:50.000Z,0.288,119.364,25,6.7,mw,,,,,iscgem,iscgem798465,2020-07-10T00:21:14.024Z,"Minahasa, Sulawesi, Indonesia",earthquake,,,,,automatic,iscgem,iscgem
1970-03-26T19:00:00.780Z,37.3005,-116.5341667,1.2,5.54,ml,16,260,1.377,0.35,ci,ci3325031,2016-01-29T01:43:28.890Z,"48km NNE of Beatty, NV",nuclear explosion,99,31.61,0.41,10,reviewed,ci,ci
1970-03-24T10:35:19.000Z,-22.13,126.691,10,6,mw,,,,,iscgem,iscgem798352,2015-05-13T18:53:03.000Z,"Western Australia",earthquake,,,,,automatic,iscgem,iscgem
1970-03-23T23:05:00.480Z,37.0861667,-116.0211667,0.6,5,ml,14,255,1.767,1.48,ci,ci3324823,2016-01-29T01:29:07.480Z,"68km ENE of Beatty, NV",nuclear explosion,99,31.61,0.111,10,reviewed,ci,ci
1970-03-23T19:52:05.530Z,37.9586667,-115.4185,6,4.17,ml,13,292,,0.67,ci,ci3324819,2016-01-29T01:33:58.520Z,"70km NNW of Alamo, NV",earthquake,5.21,31.61,0.188,10,reviewed,ci,ci
1970-03-23T12:14:55.000Z,29.831,129.496,157.4,5.7,mw,,,,,iscgem,iscgem798320,2015-05-13T18:53:03.000Z,"Ryukyu Islands, Japan",earthquake,,,,,automatic,iscgem,iscgem
1970-03-23T00:20:55.000Z,40.212,140.312,143.4,5.7,mw,,,,,iscgem,iscgem798303,2020-07-10T00:20:59.660Z,"eastern Honshu, Japan",earthquake,,,,,automatic,iscgem,iscgem
1970-03-21T10:09:55.000Z,24.126,142.874,20,5.6,mw,,,,,iscgem,iscgem17308392,2015-05-13T18:53:03.000Z,"Volcano Islands, Japan region",earthquake,,,,,automatic,iscgem,iscgem
1970-03-20T11:07:35.000Z,5.008,125.339,50,5.7,mw,,,,,iscgem,iscgem798224,2015-05-13T18:53:03.000Z,"Mindanao, Philippines",earthquake,,,,,automatic,iscgem,iscgem
1970-03-19T23:33:33.000Z,51.411,173.58,23.2,6.3,mw,,,,,iscgem,iscgem798211,2019-05-20T22:44:59.331Z,"Near Islands, Aleutian Islands, Alaska",earthquake,,,,,automatic,iscgem,iscgem
1970-03-19T16:29:04.640Z,36.9495,-114.9081667,6,4.03,ml,6,310,2.25,1.1,ci,ci3324825,2016-01-29T01:14:04.020Z,"52km SSE of Alamo, NV",earthquake,8.77,31.61,0.134,8,reviewed,ci,ci
1970-03-18T16:23:31.060Z,19.3376667,-155.0321667,7.128,4.21,ml,25,199,,0.11,hv,hv19700764,2020-03-31T19:47:15.500Z,"Hawaii region, Hawaii",earthquake,1.02,0.72,0.16,3,reviewed,hv,hv
1970-03-17T22:00:12.400Z,59.2,-147.9,47,4.8,ms,,,,,ushis,ushis3095,2018-06-04T20:43:45.000Z,"Gulf of Alaska",earthquake,,,,,reviewed,ushis,us
1970-03-16T16:25:26.000Z,-19.159,168.386,15,5.8,mw,,,,,iscgem,iscgem798113,2015-05-13T18:53:03.000Z,"Vanuatu",earthquake,,,,,automatic,iscgem,iscgem
1970-03-15T12:39:18.000Z,-29.701,-69.397,116.7,6,mw,,,,,iscgem,iscgem798065,2020-07-10T00:20:44.793Z,"San Juan, Argentina",earthquake,,,,,automatic,iscgem,iscgem
1970-03-11T22:38:36.000Z,57.399,-154.058,39,6,mw,,,,,iscgem,iscgem797882,2020-07-10T00:20:24.199Z,"Kodiak Island region, Alaska",earthquake,,,,,automatic,iscgem,iscgem
1970-03-10T17:15:11.000Z,-31.077,116.567,10,5.7,mw,,,,,iscgemsup,iscgemsup797790,2020-09-02T19:51:38.380Z,"Western Australia",earthquake,,,,,automatic,iscgem,iscgem
1970-03-10T06:11:57.000Z,12.702,122.247,25,5.8,mw,,,,,iscgem,iscgem797751,2020-07-10T00:20:10.375Z,"Sibuyan Sea, Philippines",earthquake,,,,,automatic,iscgem,iscgem
1970-03-10T04:58:29.000Z,44.683,148.909,54.5,6.2,mw,,,,,iscgem,iscgem797745,2015-05-13T18:53:03.000Z,"Kuril Islands",earthquake,,,,,automatic,iscgem,iscgem
1970-03-09T16:01:11.000Z,-19.091,168.672,30,6.6,mw,,,,,iscgem,iscgem797686,2020-04-16T21:08:08.368Z,"Vanuatu",earthquake,,,,,automatic,iscgem,iscgem
1970-03-09T00:50:07.000Z,39.579,143.546,25,5.9,mw,,,,,iscgem,iscgem797667,2015-05-13T18:53:03.000Z,"off the east coast of Honshu, Japan",earthquake,,,,,automatic,iscgem,iscgem
1970-03-08T11:51:23.000Z,1.77,126.612,47.5,5.7,mw,,,,,iscgem,iscgem797653,2015-05-13T18:53:03.000Z,"Molucca Sea",earthquake,,,,,automatic,iscgem,iscgem
1970-03-04T14:27:49.000Z,7.273,126.891,35,6.1,mw,,,,,iscgem,iscgem797518,2020-07-10T00:19:57.516Z,"Mindanao, Philippines",earthquake,,,,,automatic,iscgem,iscgem
1970-03-04T06:31:56.000Z,-19.746,-178.538,621.2,5.6,mw,,,,,iscgem,iscgem797512,2015-05-13T18:53:03.000Z,"Fiji region",earthquake,,,,,automatic,iscgem,iscgem
1970-03-04T03:30:35.000Z,12.213,143.847,20,6.2,mw,,,,,iscgem,iscgem797509,2015-05-13T18:53:03.000Z,"Guam region",earthquake,,,,,automatic,iscgem,iscgem
1970-03-03T00:30:06.740Z,19.4488333,-154.888,46.234,4.08,ml,23,291,,0.08,hv,hv19700630,2020-03-31T19:32:58.410Z,"Hawaii region, Hawaii",earthquake,1.71,1.44,0.02,2,reviewed,hv,hv
1970-02-28T19:58:48.000Z,27.756,56.316,25,5.6,mw,,,,,iscgem,iscgem799549,2020-07-10T00:25:53.723Z,"southern Iran",earthquake,,,,,automatic,iscgem,iscgem
1970-02-28T10:52:33.000Z,52.487,-174.915,164.1,7.1,mw,,,,,iscgem,iscgem799531,2019-05-20T22:39:30.314Z,"Andreanof Islands, Aleutian Islands, Alaska",earthquake,,,,,automatic,iscgem,iscgem
1970-02-27T10:47:53.000Z,-8.012,119.726,175.6,5.7,mw,,,,,iscgem,iscgem799492,2015-05-13T18:53:03.000Z,"Flores region, Indonesia",earthquake,,,,,automatic,iscgem,iscgem
1970-02-27T07:07:59.000Z,50.144,-179.788,10,6.1,mw,,,,,iscgem,iscgem799476,2019-05-20T00:29:30.753Z,"Andreanof Islands, Aleutian Islands, Alaska",earthquake,,,,,automatic,iscgem,iscgem
1970-02-26T23:29:05.000Z,43.473,147.547,26.2,6.1,mw,,,,,iscgem,iscgem799455,2015-05-13T18:53:03.000Z,"Kuril Islands",earthquake,,,,,automatic,iscgem,iscgem
1970-02-26T23:05:59.000Z,43.439,147.521,21,5.9,mw,,,,,iscgem,iscgem799452,2015-05-13T18:53:03.000Z,"Kuril Islands",earthquake,,,,,automatic,iscgem,iscgem
1970-02-26T15:50:08.000Z,13.567,120.466,35,5.8,mw,,,,,iscgem,iscgem799446,2020-07-10T00:25:42.157Z,"Mindoro, Philippines",earthquake,,,,,automatic,iscgem,iscgem
1970-02-26T15:30:00.160Z,37.1163333,-116.0613333,0.4,4.71,ml,13,286,1.794,1.45,ci,ci3324347,2016-01-29T01:29:04.090Z,"66km ENE of Beatty, NV",nuclear explosion,99,31.61,0.237,10,reviewed,ci,ci
1970-02-25T14:28:38.750Z,37.0366667,-115.9996667,0.4,4.68,ml,16,254,1.773,1.85,ci,ci3324345,2016-01-29T01:14:02.420Z,"68km ENE of Beatty, NV",nuclear explosion,99,31.61,0.182,10,reviewed,ci,ci
1970-02-25T10:20:59.000Z,24.126,122.253,30,6.1,mw,,,,,iscgem,iscgem799415,2020-07-10T00:25:28.257Z,"Taiwan region",earthquake,,,,,automatic,iscgem,iscgem
1970-02-24T08:05:45.000Z,59.51,-143.636,15,5.8,mw,,,,,iscgem,iscgem799398,2019-05-20T00:27:31.027Z,"Gulf of Alaska",earthquake,,,,,automatic,iscgem,iscgem
1970-02-24T02:07:35.000Z,30.607,103.203,15,5.6,mw,,,,,iscgem,iscgem799389,2020-07-10T00:25:15.576Z,"eastern Sichuan, China",earthquake,,,,,automatic,iscgem,iscgem
1970-02-23T11:22:28.000Z,27.771,54.54,25,5.8,mw,,,,,iscgem,iscgem799367,2020-07-10T00:25:00.559Z,"southern Iran",earthquake,,,,,automatic,iscgem,iscgem
1970-02-21T16:52:02.000Z,-8.734,124.062,85,5.7,mw,,,,,iscgem,iscgem799295,2020-07-10T00:24:49.143Z,"Kepulauan Alor, Indonesia",earthquake,,,,,automatic,iscgem,iscgem
1970-02-18T15:23:33.000Z,-20.724,-176.668,251.6,6,mw,,,,,iscgem,iscgem799223,2015-05-13T18:53:03.000Z,"Fiji region",earthquake,,,,,automatic,iscgem,iscgem
1970-02-17T19:14:20.000Z,-22.378,170.363,15,5.8,mw,,,,,iscgem,iscgem799201,2015-05-13T18:53:03.000Z,"southeast of the Loyalty Islands",earthquake,,,,,automatic,iscgem,iscgem
1970-02-17T05:46:02.000Z,9.846,125.912,55,5.6,mw,,,,,iscgem,iscgem799184,2020-07-10T00:24:38.101Z,"Mindanao, Philippines",earthquake,,,,,automatic,iscgem,iscgem
1970-02-15T12:36:36.000Z,-0.045,122.999,138.3,5.9,mw,,,,,iscgem,iscgem799142,2020-07-10T00:24:24.531Z,"Sulawesi, Indonesia",earthquake,,,,,automatic,iscgem,iscgem
1970-02-14T11:17:18.000Z,-10.012,-75.633,39.8,5.9,mw,,,,,iscgem,iscgem799107,2020-07-10T00:24:14.035Z,"central Peru",earthquake,,,,,automatic,iscgem,iscgem
1970-02-13T15:43:28.000Z,-5.923,112.997,622.8,6.5,mw,,,,,iscgem,iscgem799077,2020-07-10T00:23:58.581Z,"Java Sea",earthquake,,,,,automatic,iscgem,iscgem
1970-02-11T19:15:00.190Z,37.164,-116.0388333,0.4,4.22,ml,15,258,1.755,0.87,ci,ci3324944,2016-01-29T01:43:24.250Z,"70km ENE of Beatty, NV",nuclear explosion,99,31.61,0.347,10,reviewed,ci,ci
1970-02-10T19:34:05.000Z,-5.936,130.638,125,5.8,mw,,,,,iscgem,iscgem799014,2015-05-13T18:53:03.000Z,"Banda Sea",earthquake,,,,,automatic,iscgem,iscgem
1970-02-07T12:07:35.000Z,47.284,153.782,15,6,mw,,,,,iscgem,iscgem798901,2015-05-13T18:53:03.000Z,"Kuril Islands",earthquake,,,,,automatic,iscgem,iscgem
1970-02-07T10:01:05.000Z,47.184,154.092,15,6,mw,,,,,iscgem,iscgem798892,2015-05-13T18:53:03.000Z,"Kuril Islands",earthquake,,,,,automatic,iscgem,iscgem
1970-02-06T22:10:41.000Z,23.083,100.771,10,6.1,mw,,,,,iscgem,iscgem798878,2020-07-10T00:23:40.369Z,"Yunnan, China",earthquake,,,,,automatic,iscgem,iscgem
1970-02-06T02:17:34.000Z,12.687,121.924,25,6,mw,,,,,iscgem,iscgem798863,2020-07-10T00:23:22.395Z,"Mindoro, Philippines",earthquake,,,,,automatic,iscgem,iscgem
1970-02-06T00:11:48.000Z,54.513,163.189,20,6,mw,,,,,iscgem,iscgem798861,2015-05-13T18:53:03.000Z,"off the east coast of the Kamchatka Peninsula, Russia",earthquake,,,,,automatic,iscgem,iscgem
1970-02-05T22:06:01.000Z,12.584,121.952,15,6.7,mw,,,,,iscgem,iscgem798855,2020-07-10T00:23:06.315Z,"Mindoro, Philippines",earthquake,,,,,automatic,iscgem,iscgem
1970-02-05T15:00:02.780Z,37,-116,6,4.15,ml,15,252,1.749,0.72,ci,ci3324934,2016-01-29T01:24:07.310Z,"68km E of Beatty, NV",nuclear explosion,99,31.61,0.285,9,reviewed,ci,ci
1970-02-05T14:41:40.000Z,46.932,154.204,25,5.7,mw,,,,,iscgem,iscgem798845,2015-05-13T18:53:03.000Z,"east of the Kuril Islands",earthquake,,,,,automatic,iscgem,iscgem
1970-02-05T12:46:38.000Z,46.943,154.2,22.2,6,mw,,,,,iscgem,iscgem798843,2015-05-13T18:53:03.000Z,"east of the Kuril Islands",earthquake,,,,,automatic,iscgem,iscgem
1970-02-05T03:40:03.000Z,24.371,102.302,23.5,5.8,mw,,,,,iscgem,iscgem798832,2020-07-10T00:22:52.880Z,"Yunnan, China",earthquake,,,,,automatic,iscgem,iscgem
1970-02-04T17:00:00.160Z,37.0981667,-116.0265,0.6,5.1,ml,16,255,1.763,1.31,ci,ci3324933,2016-01-29T01:08:54.620Z,"68km ENE of Beatty, NV",nuclear explosion,99,31.61,0.246,9,reviewed,ci,ci
1970-02-04T05:08:48.000Z,15.518,-99.576,10,6.4,mw,,,,,iscgem,iscgem798802,2015-05-13T18:53:03.000Z,"off the coast of Guerrero, Mexico",earthquake,,,,,automatic,iscgem,iscgem
1970-02-03T19:17:17.000Z,43.341,147.929,29.3,5.7,mw,,,,,iscgem,iscgem798790,2015-05-13T18:53:03.000Z,"Kuril Islands",earthquake,,,,,automatic,iscgem,iscgem
1970-02-02T18:05:48.000Z,43.031,147.763,25.9,5.8,mw,,,,,iscgem,iscgem798753,2015-05-13T18:53:03.000Z,"Kuril Islands",earthquake,,,,,automatic,iscgem,iscgem
1970-02-02T17:49:52.000Z,43.321,147.489,29.7,6,mw,,,,,iscgem,iscgem798752,2015-05-13T18:53:03.000Z,"Kuril Islands",earthquake,,,,,automatic,iscgem,iscgem
1970-02-02T17:22:07.000Z,43.149,147.667,30.8,5.7,mw,,,,,iscgem,iscgem798750,2015-05-13T18:53:03.000Z,"Kuril Islands",earthquake,,,,,automatic,iscgem,iscgem
1970-01-30T17:00:00.720Z,37.0308333,-116.0348333,0.3,4.09,ml,13,253,1.749,0.31,ci,ci3324919,2016-01-29T01:29:03.020Z,"65km ENE of Beatty, NV",nuclear explosion,99,31.61,0.173,12,reviewed,ci,ci
1970-01-30T08:28:22.000Z,-14.575,167.34,164.9,5.9,mw,,,,,iscgemsup,iscgemsup800507,2020-07-10T13:41:26.564Z,"Vanuatu",earthquake,,,,,automatic,iscgem,iscgem
1970-01-28T23:06:02.000Z,-20.672,-178.766,605.9,6.1,mw,,,,,iscgem,iscgem800471,2015-05-13T18:53:03.000Z,"Fiji region",earthquake,,,,,automatic,iscgem,iscgem
1970-01-27T09:29:44.000Z,7.44,-72.1,18.6,5.8,mw,,,,,iscgem,iscgem800429,2020-07-10T00:28:05.019Z,"Tachira, Venezuela",earthquake,,,,,automatic,iscgem,iscgem
1970-01-27T09:02:51.000Z,-10.829,165.955,35,5.7,mw,,,,,iscgem,iscgem800427,2015-05-13T18:53:03.000Z,"Santa Cruz Islands",earthquake,,,,,automatic,iscgem,iscgem
1970-01-26T10:01:20.000Z,-12.592,166.488,35,6.5,mw,,,,,iscgem,iscgem800401,2015-05-13T18:53:03.000Z,"Santa Cruz Islands",earthquake,,,,,automatic,iscgem,iscgem
1970-01-23T22:22:41.000Z,49.678,154.878,141.1,5.6,mw,,,,,iscgem,iscgem800341,2015-05-13T18:53:03.000Z,"Kuril Islands",earthquake,,,,,automatic,iscgem,iscgem
1970-01-22T03:55:34.000Z,51.258,177.215,30,5.7,mw,,,,,iscgem,iscgem800290,2019-05-20T00:24:01.675Z,"Rat Islands, Aleutian Islands, Alaska",earthquake,,,,,automatic,iscgem,iscgem
1970-01-21T17:51:37.000Z,6.843,-104.189,10,6.7,mw,,,,,iscgem,iscgem800281,2015-05-13T18:53:03.000Z,"Galapagos Triple Junction region",earthquake,,,,,automatic,iscgem,iscgem
1970-01-21T11:23:52.610Z,32.3196667,-115.9788333,6,4.02,ml,5,336,0.6873,0.6,ci,ci3324910,2016-01-29T01:33:53.910Z,"46km S of Ocotillo, CA",earthquake,5.96,31.61,0.207,10,reviewed,ci,ci
1970-01-20T17:33:05.000Z,42.523,143.05,35.1,6.4,mw,,,,,iscgem,iscgem800254,2020-07-10T00:27:47.328Z,"Hokkaido, Japan region",earthquake,,,,,automatic,iscgem,iscgem
1970-01-20T15:12:49.000Z,-5.344,154.344,170,5.7,mw,,,,,iscgem,iscgem800248,2020-07-10T00:27:35.608Z,"Bougainville region, Papua New Guinea",earthquake,,,,,automatic,iscgem,iscgem
1970-01-20T07:19:51.000Z,-25.946,-177.219,70,6.8,mw,,,,,iscgemsup,iscgemsup800237,2015-07-13T17:02:24.000Z,"south of the Fiji Islands",earthquake,,,,,automatic,iscgem,iscgem
1970-01-19T07:16:25.380Z,31.8823333,-115.982,6,4.49,ml,8,283,0.9871,0.36,ci,ci3324907,2016-01-29T01:24:05.760Z,"58km ENE of Maneadero, B.C., MX",earthquake,4.26,31.61,0.191,8,reviewed,ci,ci
1970-01-18T00:18:23.000Z,21.393,146.713,18.3,5.8,mw,,,,,iscgem,iscgem800167,2015-05-13T18:53:03.000Z,"Mariana Islands region",earthquake,,,,,automatic,iscgem,iscgem
1970-01-16T08:05:41.000Z,60.25,-152.734,97.6,5.6,mw,,,,,iscgem,iscgem800129,2019-05-20T00:22:54.016Z,"Southern Alaska",earthquake,,,,,automatic,iscgem,iscgem
1970-01-14T02:22:36.000Z,-10.169,123.233,25,6,mw,,,,,iscgem,iscgem800066,2020-07-10T00:27:24.245Z,"Timor region, Indonesia",earthquake,,,,,automatic,iscgem,iscgem
1970-01-11T05:02:05.000Z,7.326,126.857,45,6,mw,,,,,iscgem,iscgem799983,2020-07-10T00:27:11.953Z,"Mindanao, Philippines",earthquake,,,,,automatic,iscgem,iscgem
1970-01-10T14:16:28.000Z,6.71,126.765,40,5.7,mw,,,,,iscgem,iscgem799953,2015-05-13T18:53:03.000Z,"Mindanao, Philippines",earthquake,,,,,automatic,iscgem,iscgem
1970-01-10T13:59:37.000Z,6.71,126.863,40,5.7,mw,,,,,iscgem,iscgem799952,2015-05-13T18:53:03.000Z,"Mindanao, Philippines",earthquake,,,,,automatic,iscgem,iscgem
1970-01-10T12:07:07.000Z,6.785,126.682,40,7.2,mw,,,,,iscgem,iscgem799944,2020-07-10T00:26:55.456Z,"Mindanao, Philippines",earthquake,,,,,automatic,iscgem,iscgem
1970-01-09T23:16:22.000Z,-9.166,117.235,66.6,5.8,mw,,,,,iscgem,iscgem799928,2020-07-10T00:26:44.610Z,"Sumbawa region, Indonesia",earthquake,,,,,automatic,iscgem,iscgem
1970-01-08T17:12:41.000Z,-34.85,178.782,199.4,6.8,mw,,,,,iscgem,iscgem799872,2015-05-13T18:53:03.000Z,"south of the Kermadec Islands",earthquake,,,,,automatic,iscgem,iscgem
1970-01-07T07:56:14.000Z,15.785,-59.808,36.7,6,mw,,,,,iscgem,iscgem799824,2015-05-13T18:53:03.000Z,"east of Guadeloupe, Leeward Islands",earthquake,,,,,automatic,iscgem,iscgem
1970-01-06T05:35:54.000Z,-9.583,151.493,15,6.3,mw,,,,,iscgem,iscgem799772,2020-07-10T00:26:20.765Z,"D'Entrecasteaux Islands region",earthquake,,,,,automatic,iscgem,iscgem
1970-01-05T11:49:10.000Z,23.984,102.732,15,5.9,mw,,,,,iscgem,iscgem799745,2020-07-10T00:26:05.964Z,"Yunnan, China",earthquake,,,,,automatic,iscgem,iscgem
1970-01-04T17:00:41.000Z,24.185,102.543,11.3,7.1,mw,,,,,iscgem,iscgem799712,2020-07-07T22:21:18.507Z,"Yunnan, China",earthquake,,,,,automatic,iscgem,iscgem
1970-01-03T02:51:58.400Z,37.298,-122.088,,4,mb,,,,,ushis,ushis3087,2018-06-04T20:43:45.000Z,"San Francisco Bay area, California",earthquake,,,,,reviewed,ushis,us
1970-01-01T17:11:00.000Z,-29.4,-177.169,35,5.6,mw,,,,,iscgem,iscgem799588,2015-05-13T18:53:03.000Z,"Kermadec Islands, New Zealand",earthquake,,,,,automatic,iscgem,iscgem
